,Education,Marital_Status,Income,Recency,Complain,Response,Age,Children,Total_spent,Total_no_purchase,TotalAcceptedCmp,km_clust
0,3,0,58138.0,58,0,1,64,0,1617,25,1,3
1,3,0,46344.0,38,0,0,67,2,27,6,0,1
2,3,1,71613.0,26,0,0,56,0,776,21,0,3
3,3,1,26646.0,26,0,0,37,1,53,8,0,1
4,2,1,58293.0,94,0,0,40,1,422,19,0,0
5,1,1,62513.0,16,0,0,54,1,716,22,0,0
6,3,0,55635.0,34,0,0,50,1,590,21,0,0
7,2,1,33454.0,32,0,0,36,1,169,10,0,1
8,2,1,30351.0,19,0,1,47,1,46,6,1,1
9,2,1,5648.0,68,0,0,71,2,49,2,1,1
10,0,1,7500.0,59,0,0,45,0,61,6,0,1
11,3,0,63033.0,82,0,0,62,0,1102,16,0,3
12,1,0,59354.0,53,0,0,69,2,310,15,0,1
13,3,1,17323.0,38,0,0,34,0,46,5,0,1
14,2,0,82800.0,23,0,1,75,0,1315,26,3,2
15,3,1,41850.0,51,0,0,41,2,96,9,0,1
16,3,1,37760.0,20,0,0,75,0,317,13,0,1
17,1,1,76995.0,91,0,0,72,1,1782,26,1,0
18,1,0,33812.0,86,0,0,36,1,133,8,0,1
19,3,1,37040.0,41,0,0,39,0,316,12,0,1
20,3,1,2447.0,42,0,0,42,1,1730,43,0,3
21,2,1,58607.0,63,0,0,72,1,972,17,1,0
22,2,1,65324.0,0,0,0,67,1,544,20,0,0
23,3,1,40689.0,69,0,0,70,1,444,20,0,0
24,3,0,18589.0,89,0,0,52,0,75,8,0,1
25,3,1,53359.0,4,0,0,45,2,257,14,0,1
26,3,1,38360.0,26,0,0,32,1,131,9,0,1
27,2,1,84618.0,96,0,0,56,0,1672,26,1,3
28,1,0,10979.0,34,0,0,32,0,30,8,0,1
29,1,1,38620.0,56,0,0,58,0,318,11,0,1
30,3,1,40548.0,31,0,0,51,1,120,9,1,1
31,2,0,46610.0,8,0,1,69,2,302,17,1,0
32,1,1,68657.0,4,0,0,75,0,1196,18,0,3
33,1,0,49389.0,55,0,0,70,2,65,6,0,1
34,2,1,67353.0,37,0,0,51,1,913,28,0,0
35,1,1,23718.0,76,0,0,45,1,81,9,0,1
36,3,0,42429.0,99,0,0,48,1,67,7,0,1
37,2,0,48948.0,53,0,1,78,0,902,24,2,3
38,3,1,80011.0,3,0,0,41,1,1395,21,0,3
39,1,1,20559.0,88,0,0,36,1,53,7,0,1
40,3,1,21994.0,4,0,0,64,1,22,4,0,1
41,1,1,7500.0,19,0,0,46,1,31,8,0,1
42,3,0,79941.0,72,0,0,45,0,984,16,0,3
43,1,1,7500.0,24,0,1,25,0,122,10,1,1
44,3,1,41728.0,92,0,0,53,1,55,5,0,1
45,2,1,72550.0,39,0,0,67,2,1319,28,0,0
46,3,0,65486.0,29,0,0,64,1,507,17,0,0
47,1,1,79143.0,2,0,0,57,0,1693,29,0,3
48,3,0,35790.0,54,0,0,44,1,72,7,0,1
49,3,0,82582.0,54,0,1,44,0,1617,21,3,2
50,3,1,66373.0,57,0,0,43,2,606,23,0,0
51,1,1,82384.0,55,0,1,66,0,1957,27,2,2
52,3,0,70287.0,30,0,1,55,0,1093,21,1,3
53,3,0,27938.0,31,0,0,33,1,29,6,0,1
54,2,1,55954.0,63,0,0,53,1,518,19,0,0
55,1,0,75777.0,12,0,1,39,0,1438,21,3,2
56,3,1,66653.0,18,0,0,46,2,612,22,0,0
57,3,0,61823.0,26,0,0,69,1,884,24,0,0
58,2,0,67680.0,8,0,0,70,1,606,19,0,0
59,3,1,70666.0,29,0,0,73,0,1076,16,0,3
60,3,1,25721.0,75,0,1,50,1,34,5,1,1
61,3,1,32474.0,0,0,0,54,2,11,4,0,1
62,1,0,88194.0,19,0,1,42,1,1274,32,3,2
63,3,1,69096.0,4,0,0,63,1,653,18,0,0
64,3,1,74854.0,90,0,0,51,3,1562,19,0,0
65,1,1,66991.0,1,0,0,67,0,1253,21,0,3
66,3,1,65031.0,29,0,0,62,1,863,30,0,0
67,2,1,60631.0,88,0,0,46,2,661,24,1,0
68,3,1,28332.0,58,0,0,69,0,65,8,0,1
69,3,0,40246.0,68,0,0,44,1,13,4,0,1
70,1,1,75251.0,34,0,1,49,0,1890,19,1,3
71,3,0,75825.0,40,0,1,45,0,2209,22,2,3
72,1,1,26326.0,12,1,0,45,0,18,4,0,1
73,3,1,56046.0,9,0,1,56,0,692,21,2,0
74,3,0,29760.0,87,0,0,36,1,165,12,0,1
75,3,1,26304.0,5,0,0,52,1,16,4,0,1
76,1,1,23559.0,87,0,0,48,1,79,9,0,1
77,1,1,38620.0,56,0,0,58,0,318,11,0,1
78,3,0,81361.0,18,0,0,34,0,778,27,0,3
79,3,1,29440.0,95,0,0,61,2,56,7,0,1
80,1,1,36138.0,48,0,0,51,2,151,13,1,1
81,3,0,50388.0,3,0,1,64,1,372,17,3,2
82,3,1,79593.0,70,0,0,48,0,1366,19,1,3
83,3,1,54178.0,79,0,0,54,1,194,10,0,1
84,1,0,42394.0,69,0,0,49,1,32,5,0,1
85,2,1,23626.0,84,0,0,51,1,43,10,0,1
86,3,1,30096.0,30,0,0,38,1,45,6,0,1
87,3,0,47916.0,72,0,0,61,1,606,22,1,0
88,3,0,51813.0,37,0,0,49,2,63,7,0,1
89,1,1,78497.0,44,0,0,70,0,978,25,1,3
90,2,1,50150.0,32,0,0,38,0,410,16,0,0
91,1,0,47823.0,0,0,0,61,1,72,7,0,1
92,2,0,34554.0,43,0,0,62,1,55,7,0,1
93,3,1,85693.0,59,0,0,42,1,1169,27,0,3
94,2,1,65846.0,68,0,0,76,0,1120,16,0,3
95,3,1,87195.0,35,0,1,62,0,1097,20,1,3
96,0,1,24594.0,94,0,0,42,1,29,5,0,1
97,3,1,49096.0,15,0,0,57,2,187,13,0,1
98,3,1,52413.0,56,0,0,52,2,910,26,0,0
99,3,0,38557.0,17,0,0,43,1,145,9,0,1
100,1,1,89058.0,18,0,0,61,0,850,14,0,3
101,3,1,77298.0,46,0,0,42,1,969,24,0,3
102,2,0,68126.0,40,0,1,30,0,1820,17,2,2
103,1,1,57288.0,27,0,0,58,1,608,20,1,0
104,3,0,86037.0,95,0,1,30,0,730,25,3,2
105,2,1,43974.0,19,0,0,41,1,551,21,0,0
106,3,0,50785.0,27,0,0,59,2,114,8,0,1
107,3,1,90765.0,25,0,0,51,0,1724,15,2,2
108,1,1,36550.0,74,0,0,43,1,577,20,0,0
109,1,1,30753.0,85,0,0,54,2,81,7,0,1
110,3,1,21918.0,37,0,0,52,1,33,7,0,1
111,1,1,56129.0,65,0,0,68,1,660,22,0,0
112,1,0,32557.0,13,0,1,54,1,80,9,1,1
113,1,1,19510.0,63,0,0,36,2,30,6,0,1
114,3,0,30992.0,83,0,0,45,1,43,5,0,1
115,3,0,101970.0,69,0,1,38,0,1135,27,4,2
116,1,1,71488.0,87,0,0,56,0,559,16,0,3
117,3,0,79607.0,37,0,1,37,0,1923,16,1,3
118,1,1,54348.0,51,0,0,68,2,90,8,0,1
119,2,1,77376.0,72,0,0,65,2,661,23,0,0
120,3,1,62998.0,10,0,0,69,1,463,19,0,0
121,1,0,61331.0,42,0,0,63,2,632,23,0,0
122,3,1,73448.0,10,0,0,52,0,725,19,0,3
123,2,1,41551.0,51,0,0,57,2,279,16,0,1
124,2,1,62981.0,21,0,0,54,0,1482,23,1,3
125,0,0,9548.0,31,0,0,45,1,29,6,0,1
126,2,1,33762.0,61,0,0,62,3,106,9,0,1
127,2,0,35860.0,37,0,1,48,2,49,6,2,1
128,2,0,36921.0,74,0,0,56,2,38,7,0,1
129,1,0,92859.0,46,0,0,29,0,2077,22,0,3
130,1,1,65104.0,4,0,1,45,1,1053,17,1,0
131,3,1,86111.0,73,0,0,59,0,1385,23,0,3
132,2,0,68352.0,47,0,0,47,1,871,25,0,0
133,3,1,41883.0,13,0,0,33,1,312,12,0,1
134,3,1,59809.0,36,0,0,45,2,877,15,0,0
135,3,1,23957.0,47,0,1,46,1,68,6,1,1
136,3,1,38547.0,49,1,0,40,1,22,4,0,1
137,1,1,35688.0,94,0,0,48,3,211,16,0,1
138,1,1,49605.0,65,0,0,55,0,127,8,0,1
139,1,1,59354.0,59,0,0,68,2,459,16,0,0
140,3,1,65747.0,96,0,0,52,1,460,19,1,0
141,1,1,46344.0,28,0,0,49,1,429,17,0,0
142,3,0,34176.0,12,0,0,33,1,89,11,0,1
143,2,1,61010.0,57,0,0,69,1,1021,26,0,0
144,3,1,69372.0,10,0,1,72,0,1381,21,3,2
145,3,0,49967.0,4,0,0,63,1,306,15,0,0
146,3,0,60199.0,49,0,0,43,3,18,4,0,1
147,3,1,55375.0,3,0,0,44,1,162,9,0,1
148,3,0,80317.0,64,0,0,66,0,1231,18,0,3
149,1,0,30523.0,0,0,0,63,3,13,4,0,1
150,2,1,70356.0,20,0,0,76,0,1706,27,0,0
151,3,1,23228.0,91,0,0,37,1,121,11,0,1
152,2,0,74165.0,9,0,0,46,0,1293,20,0,3
153,2,1,157243.0,98,0,0,48,1,1608,37,0,3
154,3,1,43482.0,83,0,0,55,3,88,9,0,1
155,3,0,62551.0,27,0,0,68,0,421,18,1,3
156,3,0,52332.0,63,0,0,62,0,259,12,1,1
157,3,0,66951.0,46,0,0,33,0,1117,15,0,3
158,3,1,26091.0,84,0,0,64,2,89,9,0,1
159,3,1,33456.0,58,0,0,56,2,36,6,0,1
160,3,1,28718.0,78,0,0,39,1,57,7,0,1
161,3,1,50447.0,4,0,0,51,2,148,8,0,1
162,2,1,53537.0,17,0,0,62,2,93,8,0,1
163,3,0,52074.0,77,0,0,54,1,119,7,1,1
164,2,1,80427.0,56,0,0,46,1,1835,28,0,3
165,2,1,83837.0,79,0,1,73,0,1318,25,3,2
166,2,1,38853.0,90,0,0,51,2,45,7,0,1
167,3,1,38285.0,96,0,0,62,3,10,4,0,1
168,1,1,78497.0,44,0,0,70,0,978,25,1,3
169,2,1,51650.0,81,0,0,45,1,191,10,0,1
170,1,1,16248.0,77,0,0,33,1,57,9,0,1
171,1,1,66835.0,21,0,0,75,0,1033,24,0,3
172,1,1,30477.0,16,0,0,37,1,66,6,0,1
173,0,1,28249.0,80,0,0,60,0,43,6,0,1
174,3,1,25271.0,45,0,0,38,1,50,5,0,1
175,2,0,32303.0,63,0,0,51,1,39,7,0,1
176,3,1,61286.0,34,0,0,55,1,608,18,0,0
177,3,1,74068.0,14,0,0,45,0,1581,24,0,3
178,2,1,45759.0,13,0,0,57,2,68,7,0,1
179,0,1,24882.0,52,0,0,43,1,80,5,1,1
180,2,1,66973.0,98,0,0,32,0,1282,28,0,3
181,1,0,36640.0,99,1,0,121,1,65,6,0,1
182,3,1,38872.0,93,0,0,33,1,91,8,0,1
183,3,1,51148.0,38,0,0,48,2,315,16,0,1
184,3,1,31353.0,24,0,0,44,2,31,6,0,1
185,1,1,69661.0,80,0,0,41,0,834,23,0,3
186,3,1,80067.0,82,0,0,67,0,1600,17,1,3
187,3,1,86718.0,20,0,0,67,0,1270,17,0,3
188,2,0,46854.0,81,0,1,48,2,263,15,2,1
189,3,0,69142.0,50,0,0,69,1,535,19,1,0
190,3,0,75922.0,60,0,0,53,0,1295,18,0,3
191,3,0,63693.0,63,0,0,43,1,1150,29,0,0
192,2,1,102160.0,54,0,1,44,0,1240,26,4,2
193,2,0,40637.0,72,0,0,56,2,38,6,0,1
194,1,0,18890.0,5,0,1,37,0,35,4,2,1
195,3,1,29604.0,88,0,0,33,1,53,5,1,1
196,1,0,48721.0,50,0,0,58,2,293,17,0,0
197,3,1,44794.0,99,0,0,55,1,65,6,0,1
198,3,0,64497.0,17,0,1,67,1,1804,29,2,0
199,3,1,46097.0,11,0,0,65,1,241,15,0,0
200,3,1,77972.0,18,0,0,67,0,1101,20,0,3
201,2,1,44377.0,70,0,0,53,2,264,19,0,0
202,1,1,46014.0,21,0,0,47,2,541,26,0,0
203,3,1,70951.0,66,0,0,36,0,1198,17,0,3
204,3,1,41443.0,79,0,0,44,1,482,20,0,0
205,1,0,52195.0,2,0,0,43,3,17,4,0,1
206,1,1,83790.0,81,0,0,73,0,1615,25,2,2
207,1,0,44551.0,24,0,0,67,1,285,12,0,1
208,3,1,69508.0,48,0,0,41,1,1135,28,0,0
209,1,1,45204.0,93,0,0,33,1,114,7,0,1
210,3,1,72460.0,56,0,0,52,0,1047,16,0,3
211,2,1,77622.0,3,0,0,51,2,714,22,0,0
212,2,1,30732.0,44,0,0,41,1,185,13,0,1
213,3,0,63887.0,38,0,0,59,1,1245,32,0,0
214,3,1,42011.0,46,0,0,43,1,189,12,0,1
215,3,1,51369.0,84,0,0,45,1,576,16,0,0
216,3,0,51537.0,27,0,0,69,1,1103,18,0,0
217,2,1,79930.0,72,0,0,49,0,1753,17,0,3
218,2,1,34320.0,66,0,0,35,1,17,4,0,1
219,3,0,37070.0,30,0,1,55,2,433,23,1,0
220,1,0,81975.0,2,0,0,59,1,1588,14,1,3
221,3,1,38590.0,65,0,0,50,1,22,4,0,1
222,3,0,15033.0,37,0,0,70,0,19,5,0,1
223,2,1,62745.0,89,0,0,56,1,1117,29,0,0
224,1,1,22212.0,49,0,0,46,1,69,8,0,1
225,1,1,23661.0,46,0,0,39,1,23,5,0,1
226,2,0,79761.0,32,0,0,63,1,605,19,0,0
227,3,0,7500.0,54,0,0,48,1,57,11,0,1
228,1,0,60182.0,23,0,0,128,1,22,4,0,1
229,3,0,73455.0,98,0,0,53,0,2088,22,1,3
230,3,1,64961.0,97,0,0,63,1,1009,16,0,3
231,3,0,22804.0,75,0,0,50,1,26,5,0,1
232,3,1,73687.0,8,0,1,31,0,1627,22,2,2
233,3,1,61074.0,37,0,0,63,1,1102,31,0,0
234,2,1,31686.0,31,0,0,57,2,17,6,0,1
235,3,1,80134.0,40,0,1,49,1,1690,16,4,2
236,3,1,75027.0,74,0,0,68,1,1390,21,0,0
237,2,1,67546.0,90,0,0,33,0,2126,20,0,3
238,1,1,65176.0,57,0,0,52,1,1531,25,0,3
239,1,0,31160.0,59,0,0,46,1,64,7,0,1
240,3,0,29938.0,52,0,0,36,1,26,6,0,1
241,3,0,102692.0,5,0,1,47,0,1112,29,5,2
242,1,1,26490.0,92,0,0,63,0,210,11,0,1
243,3,1,75702.0,77,0,0,54,2,1148,26,0,0
244,2,0,30899.0,35,0,0,47,1,33,6,0,1
245,2,1,63342.0,48,0,0,60,1,1101,19,1,0
246,3,0,45989.0,97,0,0,57,1,322,16,0,0
247,3,0,18701.0,95,0,0,57,2,44,10,0,1
248,2,0,40737.0,24,0,0,64,3,17,4,0,1
249,3,0,15287.0,60,0,1,42,1,31,6,2,1
250,2,0,69674.0,46,0,0,53,2,845,25,0,0
251,1,1,44159.0,85,0,0,51,1,275,15,0,1
252,2,1,37717.0,31,0,0,43,1,25,4,0,1
253,1,1,43776.0,9,0,1,69,2,275,17,1,0
254,1,1,38179.0,30,0,0,55,2,90,11,0,1
255,3,1,80124.0,47,0,0,58,0,1495,19,1,3
256,2,1,38097.0,70,0,1,51,2,184,11,2,1
257,3,1,72940.0,13,0,0,51,0,981,13,0,3
258,3,1,22070.0,11,0,0,51,1,67,8,0,1
259,3,0,69267.0,31,0,1,68,0,1635,14,1,3
260,1,0,31788.0,15,1,0,38,1,60,10,0,1
261,2,1,61905.0,2,0,0,46,1,231,12,0,1
262,3,1,29315.0,55,0,0,61,2,48,10,0,1
263,3,0,33378.0,38,0,0,58,2,99,9,0,1
264,2,1,66313.0,86,0,0,58,1,770,23,0,0
265,3,0,60714.0,56,0,1,65,0,957,23,1,3
266,1,1,77882.0,29,0,0,40,0,818,12,0,3
267,2,0,69867.0,30,0,1,35,0,925,17,2,2
268,1,0,63841.0,64,0,0,53,1,908,22,0,0
269,0,1,24480.0,46,0,0,40,1,102,10,0,1
270,3,1,51369.0,84,0,0,45,1,576,16,0,0
271,3,1,37760.0,20,0,0,75,0,317,13,0,1
272,2,1,65640.0,74,0,0,47,1,461,15,0,0
273,1,1,44319.0,18,0,0,46,2,37,7,0,1
274,3,1,30631.0,75,0,0,47,1,70,7,0,1
275,3,1,75278.0,17,0,0,69,0,930,23,0,3
276,1,1,50898.0,88,0,0,65,2,859,33,0,0
277,3,0,79946.0,19,0,0,55,0,1478,22,0,3
278,1,0,35416.0,62,0,0,72,0,390,16,0,0
279,1,1,32414.0,11,0,0,37,0,52,5,1,1
280,3,1,38361.0,74,0,0,52,1,137,10,0,1
281,3,1,82497.0,32,0,0,41,0,1919,19,1,3
282,3,1,16626.0,76,0,0,50,2,68,9,0,1
283,3,1,29672.0,6,0,0,56,2,25,4,0,1
284,1,1,55951.0,62,0,0,69,1,1374,23,2,2
285,1,0,35388.0,20,0,0,33,1,32,5,0,1
286,1,1,42386.0,43,0,0,35,1,100,7,0,1
287,3,0,68627.0,45,0,0,39,0,825,12,0,3
288,2,0,57912.0,34,0,0,56,1,916,28,1,0
289,3,0,35246.0,53,0,0,63,2,62,11,0,1
290,1,1,58821.0,44,0,0,65,1,728,21,0,0
291,2,1,46377.0,89,0,0,43,1,90,7,0,1
292,3,0,39747.0,43,0,0,33,1,273,13,0,1
293,3,1,23976.0,68,0,0,37,1,66,10,0,1
294,1,1,80950.0,44,0,0,60,0,1213,23,1,3
295,3,0,27038.0,64,0,1,55,0,107,7,1,1
296,3,0,77457.0,85,0,0,74,0,1157,18,1,3
297,1,1,64100.0,93,0,0,57,1,546,18,1,0
298,1,1,42670.0,12,0,0,29,0,241,11,0,1
299,3,0,12571.0,86,0,0,45,1,53,11,0,1
300,3,1,22574.0,28,0,0,54,3,37,7,0,1
301,1,0,70893.0,42,0,0,45,0,1508,23,0,3
302,3,1,54198.0,13,0,0,55,2,235,16,0,1
303,1,1,28839.0,86,0,0,65,2,32,7,0,1
304,3,1,40321.0,59,0,0,49,2,102,8,0,1
305,3,0,66503.0,30,0,0,36,1,401,15,0,1
306,3,1,30833.0,33,0,0,70,2,28,6,0,1
307,3,1,64795.0,23,0,0,50,1,680,21,0,0
308,3,1,34421.0,81,0,0,47,1,30,4,0,1
309,2,0,47025.0,6,0,0,56,2,20,4,0,1
310,2,0,64325.0,41,0,0,60,1,1307,23,0,0
311,3,0,40464.0,78,0,0,68,1,630,24,0,0
312,3,1,62187.0,49,0,0,64,0,1283,18,0,3
313,2,0,14849.0,39,0,0,45,1,65,9,0,1
314,3,1,27255.0,3,0,0,37,1,37,5,0,1
315,2,1,54432.0,37,0,0,71,3,38,5,0,1
316,2,0,29999.0,22,0,0,35,1,160,12,0,1
317,3,0,24072.0,79,0,0,38,1,23,4,0,1
318,2,0,33996.0,46,0,0,32,0,71,6,0,1
319,2,1,66334.0,82,0,1,65,1,1161,19,1,0
320,1,1,35178.0,10,0,1,50,1,59,5,2,1
321,3,1,22010.0,51,0,0,38,1,33,7,0,1
322,3,0,62204.0,38,0,0,61,2,946,22,0,0
323,3,0,75693.0,10,0,1,53,0,1442,22,4,2
324,3,1,30675.0,14,0,0,49,1,62,5,0,1
325,3,1,83003.0,18,0,1,56,0,1674,22,2,2
326,2,1,83532.0,36,0,0,122,0,1853,15,1,3
327,3,0,68655.0,95,0,0,33,0,1538,21,0,3
328,3,0,41411.0,11,0,0,35,0,139,8,0,1
329,2,1,55212.0,65,0,0,52,1,1182,20,2,2
330,2,1,59292.0,71,0,0,71,1,507,18,0,0
331,0,1,27190.0,13,0,1,48,1,18,4,2,1
332,3,0,82623.0,58,0,0,69,0,940,16,0,3
333,3,1,44300.0,65,0,0,56,2,42,6,0,1
334,3,0,84835.0,0,0,1,51,0,1190,15,1,3
335,3,0,30372.0,33,0,0,50,2,44,8,0,1
336,1,1,33181.0,90,0,0,45,1,16,4,1,1
337,3,1,71113.0,95,0,0,64,1,835,26,0,0
338,3,1,71952.0,93,0,0,35,1,1443,22,2,3
339,2,0,69759.0,38,0,1,55,0,1029,18,1,3
340,3,1,72099.0,18,0,0,47,0,1188,18,0,3
341,2,0,60000.0,57,0,0,45,1,1277,24,0,0
342,3,0,38643.0,45,1,0,43,2,49,7,0,1
343,3,1,50737.0,61,0,0,66,1,99,7,1,1
344,2,1,68462.0,6,0,0,52,0,1670,15,0,3
345,1,1,65073.0,65,1,0,78,0,900,14,0,0
346,2,1,46681.0,52,0,0,73,2,425,16,0,0
347,3,1,78618.0,87,0,0,64,0,2153,22,1,3
348,2,0,62187.0,38,0,0,52,1,636,21,0,0
349,3,1,28442.0,53,0,0,43,2,57,10,0,1
350,2,1,37717.0,31,0,0,43,1,25,4,0,1
351,3,1,51479.0,67,0,0,54,2,494,22,0,0
352,3,0,54803.0,65,0,0,52,1,693,19,0,0
353,3,1,79530.0,64,0,0,61,0,1348,26,0,3
354,3,0,31615.0,82,0,0,45,1,51,7,0,1
355,3,1,72025.0,27,0,0,59,0,1932,16,0,3
356,2,0,52614.0,63,0,0,46,1,990,16,0,0
357,1,1,35684.0,66,0,0,37,1,30,5,0,1
358,3,1,48178.0,69,0,0,46,2,254,16,0,1
359,1,0,29548.0,52,0,0,51,1,29,5,1,1
360,3,0,63810.0,45,0,0,55,1,1371,23,1,0
361,2,0,38578.0,2,0,1,49,2,73,9,1,1
362,1,0,46098.0,86,0,0,46,2,120,11,0,1
363,3,0,22585.0,23,0,1,51,0,81,5,2,1
364,3,0,30279.0,13,0,0,32,1,37,5,0,1
365,2,1,66426.0,14,0,0,60,1,1377,20,0,0
366,3,0,30822.0,92,0,0,52,1,51,5,0,1
367,2,1,33581.0,38,0,0,52,2,17,4,0,1
368,3,1,19986.0,74,0,0,36,1,22,4,0,1
369,3,0,27421.0,14,0,0,67,0,324,14,0,1
370,1,1,35688.0,94,0,0,48,3,211,16,0,1
371,1,0,36143.0,33,0,0,40,1,19,4,0,1
372,3,0,10245.0,32,0,0,50,1,41,8,0,1
373,1,1,43795.0,11,0,1,53,1,492,17,2,0
374,3,1,63381.0,78,0,0,61,1,1005,26,0,0
375,3,1,38823.0,56,0,0,72,1,114,7,0,1
376,2,0,83664.0,57,0,0,53,2,1173,19,0,0
377,3,1,90300.0,7,0,0,42,0,1738,19,1,3
378,1,1,62499.0,0,0,0,42,1,222,12,0,1
379,3,0,74293.0,66,0,0,28,0,1127,16,0,3
380,2,1,51012.0,86,0,0,75,0,209,10,0,1
381,1,1,70777.0,80,0,0,53,1,787,23,0,0
382,2,1,68682.0,56,0,0,30,0,1598,24,0,3
383,3,1,43824.0,18,0,0,50,2,186,12,0,1
384,3,1,15345.0,51,0,1,37,1,47,6,1,1
385,3,0,23442.0,71,0,0,34,1,27,5,0,1
386,1,1,14515.0,71,0,1,41,1,96,11,1,1
387,1,0,31395.0,80,0,0,65,2,64,10,0,1
388,3,1,75276.0,2,0,0,56,0,1040,23,0,3
389,3,0,42373.0,83,0,0,47,2,163,13,0,1
390,3,1,30507.0,29,0,0,61,0,343,11,0,1
391,2,0,55521.0,11,0,1,66,3,446,24,2,0
392,3,1,48006.0,55,0,0,56,2,41,5,0,1
393,2,0,27213.0,19,0,1,49,1,70,9,1,1
394,2,0,65808.0,1,0,0,50,2,272,14,0,1
395,2,1,30351.0,19,0,0,47,1,46,6,0,1
396,3,1,50437.0,28,0,0,58,2,490,19,0,0
397,1,0,23616.0,76,0,1,39,1,79,8,1,1
398,3,1,53858.0,50,0,0,45,1,915,17,0,0
399,2,1,66465.0,1,0,0,66,1,1485,35,1,0
400,3,0,46923.0,90,0,0,34,1,369,16,0,1
401,3,1,75072.0,83,0,0,59,1,1073,19,0,0
402,2,1,75865.0,73,0,0,78,0,1242,19,0,3
403,1,1,19789.0,24,0,0,46,1,78,9,1,1
404,3,1,80134.0,11,0,0,27,0,1378,21,4,2
405,3,0,91065.0,33,0,1,40,0,1474,26,3,2
406,1,1,49505.0,4,0,0,50,2,751,29,0,0
407,2,1,37401.0,14,0,0,48,1,48,7,0,1
408,3,1,30096.0,30,0,0,38,1,45,6,0,1
409,1,1,18492.0,75,0,0,39,1,10,4,0,1
410,1,1,82584.0,26,0,1,47,0,1435,16,3,2
411,2,1,93027.0,77,0,0,80,0,2119,22,1,3
412,3,1,48686.0,8,0,0,68,3,20,4,0,1
413,3,1,92910.0,42,0,0,35,0,1795,27,3,2
414,3,1,75433.0,28,0,0,32,1,1188,19,2,2
415,1,1,10404.0,52,0,0,32,1,43,7,0,1
416,3,1,61314.0,1,0,0,53,1,1008,24,0,3
417,2,0,84865.0,1,0,1,60,0,1688,16,5,2
418,3,1,42387.0,42,0,0,32,1,684,21,0,0
419,1,1,67309.0,76,0,0,54,2,1082,39,0,0
420,3,1,75236.0,27,0,0,57,1,1068,25,0,0
421,3,0,30015.0,28,0,0,51,1,57,7,0,1
422,1,1,50943.0,49,0,0,65,1,46,5,0,1
423,3,0,67272.0,12,0,0,55,1,733,23,0,0
424,1,0,51529.0,14,0,0,72,1,467,17,0,0
425,2,1,32011.0,89,0,0,50,1,122,10,0,1
426,1,1,7500.0,96,0,0,35,1,36,7,0,1
427,3,1,28691.0,56,0,0,32,1,34,5,0,1
428,2,1,56223.0,72,0,0,73,1,156,10,0,1
429,3,1,18100.0,14,0,0,75,0,14,4,0,1
430,3,0,30279.0,13,0,0,32,1,37,5,0,1
431,1,1,20130.0,99,0,0,47,0,34,5,0,1
432,3,0,23295.0,72,0,0,62,0,20,4,0,1
433,1,0,42618.0,92,0,0,49,1,192,11,0,1
434,3,0,81246.0,87,0,0,57,0,1379,17,2,3
435,3,1,24027.0,7,0,0,45,1,48,7,0,1
436,2,1,55707.0,91,0,0,68,1,428,16,0,0
437,3,0,57959.0,71,0,0,66,1,868,27,0,0
438,3,1,56796.0,24,0,0,52,1,1001,27,0,0
439,1,0,36230.0,17,0,0,50,1,59,7,0,1
440,1,1,70829.0,87,0,0,41,2,431,16,0,0
441,3,1,65991.0,21,0,0,45,1,971,27,0,0
442,3,1,38988.0,90,0,0,49,3,348,19,0,0
443,1,0,89572.0,44,0,1,55,0,2059,24,3,2
444,1,1,42207.0,71,0,1,37,1,265,14,2,1
445,3,1,50300.0,52,0,0,69,1,270,13,0,0
446,1,1,66664.0,78,0,0,39,0,1289,19,0,3
447,3,1,60597.0,2,0,1,57,1,893,16,2,0
448,3,0,70165.0,60,0,0,72,0,926,22,0,3
449,2,0,50520.0,25,0,0,63,1,135,9,0,1
450,3,1,80124.0,47,0,0,58,0,1495,19,1,3
451,3,1,33183.0,46,0,0,46,1,120,9,0,1
452,2,0,66582.0,83,0,0,52,0,1288,20,0,3
453,2,1,75261.0,17,0,1,66,0,1743,17,3,2
454,3,0,31880.0,13,0,0,51,1,15,4,0,1
455,3,1,53790.0,86,0,0,70,2,542,20,0,0
456,2,1,49269.0,92,0,0,50,1,890,25,0,0
457,3,1,61456.0,47,0,0,46,1,1388,33,0,3
458,3,1,37406.0,18,0,1,41,1,17,4,1,1
459,2,1,56937.0,81,0,1,40,1,906,30,2,0
460,3,1,38415.0,91,0,0,43,2,44,6,0,1
461,3,0,20518.0,58,0,0,33,1,25,5,0,1
462,3,1,62503.0,40,0,0,65,1,973,26,0,0
463,2,0,41644.0,67,0,0,49,2,31,6,0,1
464,1,1,55842.0,19,0,0,44,1,518,17,0,0
465,2,1,62010.0,93,0,0,49,1,530,19,0,0
466,3,1,41124.0,41,0,0,44,1,506,21,0,0
467,1,1,38961.0,60,0,0,48,1,70,6,0,1
468,1,0,37760.0,54,0,0,49,1,54,6,0,1
469,3,0,32233.0,26,0,1,47,1,296,12,2,1
470,3,1,43057.0,30,0,0,46,1,266,15,0,1
471,1,1,83151.0,93,0,0,61,0,747,19,0,3
472,2,0,78825.0,35,0,1,57,0,895,29,1,3
473,1,1,65104.0,4,0,0,45,1,1053,17,0,0
474,3,1,60093.0,92,0,0,47,1,735,21,0,0
475,3,1,14045.0,24,0,0,52,1,20,5,0,1
476,1,0,28457.0,96,0,0,69,0,205,10,0,1
477,2,1,78952.0,11,0,0,63,1,2092,21,0,3
478,3,0,46310.0,99,0,0,45,1,309,14,0,1
479,3,1,76005.0,72,0,0,66,0,1722,22,1,3
480,1,0,58308.0,77,0,0,57,1,900,15,0,0
481,2,0,55614.0,85,0,0,77,0,682,20,1,0
482,1,0,59432.0,88,0,0,59,1,663,22,0,0
483,3,0,55563.0,22,0,0,43,1,43,6,0,1
484,2,1,78642.0,83,0,0,50,1,1816,18,0,0
485,2,1,67911.0,63,0,0,72,1,976,27,0,0
486,3,1,65275.0,9,0,0,77,0,746,21,0,3
487,3,1,27203.0,92,0,0,71,2,64,6,0,1
488,1,1,48330.0,2,0,0,60,1,32,5,0,1
489,0,1,24279.0,6,0,0,31,0,263,9,0,1
490,2,1,64355.0,66,0,0,36,1,1445,21,0,0
491,1,1,50943.0,49,0,0,65,1,46,5,0,1
492,3,0,53653.0,29,0,0,68,0,1210,28,0,0
493,3,1,65665.0,77,0,0,45,1,945,24,0,3
494,3,0,81217.0,77,0,0,32,0,1157,22,0,3
495,3,1,34935.0,71,0,0,29,0,137,8,0,1
496,3,0,61250.0,49,0,0,62,1,730,25,0,0
497,2,1,39665.0,97,0,0,40,1,216,12,1,1
498,3,0,60152.0,6,0,0,42,1,943,23,0,3
499,3,1,48920.0,93,0,0,57,2,347,16,1,0
500,1,1,89120.0,78,0,0,62,0,1924,19,1,3
501,2,1,44124.0,62,0,0,75,1,397,17,0,0
502,1,0,81169.0,47,0,0,46,0,2089,22,0,3
503,3,1,36443.0,9,0,0,60,2,138,11,0,1
504,3,0,26095.0,77,0,0,31,1,42,5,0,1
505,3,1,71367.0,24,0,0,62,0,777,17,0,3
506,1,1,80184.0,19,0,0,77,0,1902,20,2,2
507,3,0,30630.0,67,0,0,56,2,52,7,0,1
508,1,0,73454.0,95,0,0,34,0,1651,13,1,3
509,3,1,42691.0,48,0,0,30,0,358,13,0,1
510,3,1,70503.0,73,0,0,68,0,1727,16,2,2
511,3,1,25545.0,35,0,1,34,1,210,10,1,1
512,3,1,32880.0,76,0,0,35,1,42,5,0,1
513,2,1,77863.0,20,0,0,63,0,1291,20,0,3
514,1,1,50353.0,72,0,0,44,0,442,15,0,3
515,3,0,61839.0,20,0,0,57,0,1895,17,0,3
516,2,1,49154.0,69,0,0,61,2,411,19,0,0
517,1,0,47682.0,80,0,0,46,1,521,19,0,0
518,3,0,72679.0,65,0,0,52,1,1168,17,0,3
519,1,1,57954.0,52,0,0,44,2,493,23,1,0
520,3,1,65316.0,65,0,0,59,2,260,12,0,1
521,3,0,28567.0,57,0,0,39,1,46,7,0,1
522,1,1,47352.0,70,0,0,70,1,319,16,0,0
523,3,1,44931.0,0,0,0,54,1,96,7,0,1
524,3,0,76982.0,19,0,1,54,0,1062,16,2,2
525,1,1,57247.0,50,0,0,69,1,232,12,0,1
526,1,0,22944.0,67,0,0,40,1,76,9,0,1
527,1,1,25315.0,46,0,0,44,1,54,9,0,1
528,3,0,43638.0,37,0,0,52,1,201,11,0,1
529,2,0,42710.0,38,0,0,37,1,406,14,0,1
530,2,1,84169.0,9,0,1,39,0,1919,20,3,2
531,3,1,54058.0,56,0,0,45,1,662,20,0,0
532,1,1,24683.0,98,0,0,31,1,41,8,0,1
533,3,0,85620.0,68,0,1,57,0,1600,14,1,3
534,3,1,47850.0,72,0,0,41,1,134,8,0,1
535,3,1,19514.0,47,0,1,53,2,69,10,2,1
536,1,1,27159.0,33,0,0,48,2,21,6,0,1
537,1,0,39548.0,87,0,0,58,2,54,7,0,1
538,3,0,21474.0,0,0,1,32,1,91,8,2,1
539,2,0,60504.0,73,0,0,50,1,526,18,0,0
540,3,1,22419.0,74,0,0,58,0,162,8,0,1
541,1,1,81698.0,4,0,1,72,0,1008,25,1,3
542,3,1,43462.0,50,0,0,69,2,240,16,0,1
543,2,0,54880.0,57,0,0,43,1,795,21,0,3
544,3,1,79908.0,30,0,0,39,0,1772,19,1,3
545,1,1,15315.0,27,0,0,51,0,64,8,0,1
546,3,1,87771.0,61,0,1,62,1,1957,20,5,2
547,3,1,33039.0,4,0,0,43,1,78,7,0,1
548,3,0,81741.0,75,0,0,41,0,1572,19,0,3
549,1,1,71499.0,12,0,0,50,1,795,26,0,0
550,1,1,62466.0,13,0,0,51,1,889,26,0,3
551,2,0,48799.0,9,0,0,58,1,331,15,0,0
552,2,1,52157.0,48,0,0,71,1,265,12,0,1
553,3,0,66565.0,80,0,0,59,1,1065,19,0,0
554,1,1,29298.0,60,0,0,70,2,11,4,0,1
555,3,0,47691.0,43,0,0,42,1,21,4,0,1
556,3,1,38200.0,19,0,0,51,2,17,4,0,1
557,3,1,44989.0,26,0,0,47,1,369,16,0,0
558,2,1,38443.0,58,0,0,53,2,38,6,0,1
559,1,0,38593.0,42,0,0,43,1,177,11,0,1
560,2,1,64413.0,27,0,0,51,1,279,12,0,1
561,1,1,36959.0,56,0,0,40,1,62,7,0,1
562,2,1,61996.0,27,0,1,44,1,1230,21,4,2
563,3,1,51287.0,10,0,0,53,2,182,11,0,1
564,3,1,13260.0,48,0,0,51,2,49,10,0,1
565,2,1,47472.0,39,0,0,55,2,75,8,0,1
566,1,1,54603.0,85,0,0,65,2,227,16,0,1
567,2,1,45207.0,64,0,0,47,2,215,15,1,1
568,3,1,40689.0,69,0,0,70,1,444,20,0,0
569,1,1,47821.0,54,0,0,54,2,47,5,0,1
570,1,1,27450.0,57,0,0,70,0,143,7,0,1
571,3,1,39453.0,64,0,0,38,1,55,7,0,1
572,1,1,26850.0,10,0,0,50,2,63,11,0,1
573,3,0,79800.0,65,0,1,66,0,1867,22,4,2
574,1,1,61794.0,74,0,0,60,1,611,20,0,0
575,3,1,53863.0,4,0,0,66,1,473,18,1,0
576,3,1,24221.0,94,0,0,62,0,55,6,0,1
577,2,0,39684.0,41,1,1,37,1,81,7,1,1
578,1,1,92163.0,25,0,1,46,0,2086,21,3,2
579,1,0,69882.0,94,0,0,56,0,1478,20,0,3
580,3,1,33178.0,9,0,0,44,1,49,5,0,1
581,2,1,59973.0,47,0,0,49,0,382,15,0,3
582,1,1,17459.0,12,0,1,46,1,69,9,1,1
583,3,0,23910.0,80,0,0,52,1,67,6,0,1
584,1,1,42169.0,20,0,0,52,2,30,6,0,1
585,1,1,26224.0,39,0,0,43,1,63,9,0,1
586,3,1,31089.0,57,0,0,40,1,79,10,0,1
587,3,0,30081.0,27,0,0,60,1,42,5,0,1
588,3,1,62807.0,83,0,0,61,1,819,23,0,0
589,3,0,72906.0,79,0,0,66,0,1151,17,0,3
590,2,1,61467.0,69,0,0,73,2,594,20,0,0
591,1,1,49618.0,77,0,0,55,2,129,11,0,1
592,1,0,21888.0,15,0,1,35,1,213,12,1,1
593,3,0,42429.0,99,0,0,48,1,67,7,0,1
594,3,0,26150.0,61,0,0,65,3,28,5,0,1
595,0,1,30801.0,23,0,0,46,1,45,6,0,1
596,3,1,81168.0,84,0,0,56,0,1193,18,1,3
597,1,0,26877.0,74,0,0,52,0,268,12,0,1
598,1,0,45006.0,90,0,0,77,0,266,12,0,1
599,0,1,18978.0,41,0,0,48,1,37,5,0,1
600,3,1,22574.0,28,0,0,54,3,37,7,0,1
601,2,0,48240.0,73,0,1,52,0,882,25,1,3
602,3,1,45837.0,88,0,0,47,2,373,18,0,0
603,1,0,35791.0,94,0,0,56,3,35,6,0,1
604,2,1,162397.0,31,0,0,45,2,107,1,0,1
605,3,0,54162.0,31,0,0,43,2,42,5,0,1
606,1,1,30522.0,6,0,0,61,1,326,17,0,0
607,2,1,54456.0,23,0,0,60,1,404,17,0,0
608,3,0,31632.0,92,0,0,50,0,95,6,0,1
609,3,0,72298.0,52,0,0,72,0,939,14,2,2
610,1,0,36975.0,50,0,0,43,1,33,5,0,1
611,1,1,72635.0,54,0,0,66,0,981,21,1,3
612,3,1,13624.0,93,0,0,45,1,36,7,0,1
613,3,0,84196.0,56,0,0,46,1,1237,20,0,3
614,3,1,70971.0,28,0,1,61,1,1825,34,1,0
615,2,0,34487.0,94,0,0,44,2,103,9,0,1
616,3,0,28769.0,76,0,0,44,1,191,12,0,1
617,2,1,69084.0,43,0,0,51,1,1586,25,0,0
618,2,1,65488.0,46,0,0,63,0,963,14,0,3
619,1,1,62466.0,13,0,0,51,1,889,26,0,3
620,1,0,32218.0,27,0,1,61,0,93,7,2,1
621,3,0,83917.0,12,0,1,48,0,1587,21,1,3
622,3,0,46102.0,3,0,0,59,3,16,4,0,1
623,3,0,84574.0,72,0,0,69,0,1375,32,0,3
624,3,1,56181.0,6,0,0,59,1,393,14,0,0
625,1,0,63120.0,53,0,1,71,1,1477,26,1,0
626,3,1,73691.0,58,0,0,50,1,1179,18,1,0
627,3,1,63381.0,78,0,0,61,1,1005,26,0,0
628,2,1,76140.0,57,0,0,73,0,1348,21,0,3
629,2,0,62859.0,37,0,0,62,1,1307,23,0,0
630,3,0,45906.0,20,0,0,57,1,486,15,1,0
631,1,1,77632.0,73,0,1,74,0,2252,13,3,2
632,2,1,46463.0,56,0,0,50,2,235,17,0,1
633,3,1,105471.0,36,0,1,51,0,1724,30,3,2
634,1,0,55282.0,9,0,0,51,1,235,11,0,1
635,1,1,78710.0,42,0,0,44,1,1092,28,0,0
636,3,1,66886.0,28,0,0,63,1,599,17,0,0
637,1,0,98777.0,23,0,0,61,0,2008,19,1,3
638,3,1,29103.0,38,0,0,36,1,48,6,0,1
639,3,1,67445.0,63,0,0,47,1,1174,32,0,0
640,2,1,50616.0,71,0,0,71,1,67,7,0,1
641,3,0,49431.0,9,0,0,66,1,365,15,0,0
642,3,0,153924.0,81,0,0,46,0,6,0,0,1
643,3,1,61278.0,87,0,0,68,1,165,10,0,1
644,1,1,26490.0,92,0,0,63,0,210,11,0,1
645,2,1,73059.0,36,0,0,74,1,1095,26,0,3
646,2,0,46734.0,86,0,0,55,3,223,12,1,1
647,3,1,56253.0,83,0,0,58,1,597,22,0,0
648,3,1,19986.0,74,0,0,36,1,22,4,0,1
649,3,0,58330.0,87,0,0,46,1,1064,24,0,3
650,0,1,25965.0,29,0,0,41,0,74,6,0,1
651,1,1,14661.0,88,0,0,65,0,26,5,0,1
652,3,1,18690.0,77,0,0,62,0,60,5,0,1
653,2,1,45068.0,25,0,0,47,1,20,4,0,1
654,0,0,21063.0,34,0,0,34,1,59,7,0,1
655,2,1,29187.0,43,0,0,53,1,34,5,0,1
656,1,1,54690.0,76,0,0,50,2,198,12,0,1
657,2,1,59304.0,81,0,0,57,1,1048,28,0,0
658,1,0,59247.0,87,0,0,59,2,574,21,0,0
659,3,0,66731.0,33,0,0,51,1,1029,17,0,3
660,3,1,77353.0,38,0,0,41,1,670,20,0,0
661,2,0,52614.0,63,0,0,46,1,990,16,0,0
662,3,1,26751.0,26,0,0,47,2,11,4,0,1
663,2,1,81300.0,17,0,1,58,1,1241,21,2,0
664,3,0,70337.0,75,0,0,42,0,576,17,0,3
665,1,1,36145.0,13,0,1,36,1,172,12,2,1
666,2,0,65295.0,19,0,0,41,0,664,20,0,3
667,3,0,68118.0,51,0,0,58,1,928,23,0,0
668,3,0,68743.0,81,0,0,54,0,2074,30,0,3
669,1,1,41039.0,32,0,0,39,0,467,15,0,0
670,3,1,38946.0,84,0,0,66,1,257,12,0,1
671,3,1,65777.0,87,0,0,54,0,1146,17,0,3
672,2,0,66476.0,99,0,0,45,1,689,20,0,0
673,2,0,86857.0,96,0,1,49,0,2114,22,1,3
674,2,1,160803.0,21,0,0,39,0,1717,44,0,3
675,2,1,77845.0,40,0,0,32,0,1346,21,2,2
676,2,1,69476.0,3,0,0,52,0,1044,15,0,3
677,2,0,50611.0,98,0,1,61,1,493,22,2,0
678,3,0,61209.0,73,0,0,51,0,957,13,0,3
679,1,1,42315.0,90,0,0,63,1,270,12,0,1
680,0,1,13084.0,29,0,0,69,0,29,5,0,1
681,1,0,47570.0,3,0,1,72,2,121,9,1,1
682,1,1,61923.0,94,0,0,60,2,126,8,0,1
683,3,0,34824.0,65,0,0,26,0,23,4,0,1
684,2,0,26518.0,33,0,1,72,2,57,8,1,1
685,3,0,45938.0,46,0,0,60,0,636,20,0,0
686,3,1,78468.0,29,0,0,61,0,1004,28,1,3
687,3,0,78901.0,99,0,0,48,1,734,20,0,0
688,3,1,71427.0,26,0,0,43,2,614,20,0,0
689,3,0,71022.0,30,0,0,43,1,1453,21,1,0
690,1,0,90247.0,27,0,1,33,0,1621,15,4,2
691,1,0,41335.0,24,0,0,53,1,187,12,0,1
692,3,1,71952.0,93,0,0,35,1,1443,22,2,3
693,2,0,35682.0,34,0,0,51,1,57,6,0,1
694,3,0,43185.0,88,0,0,70,1,637,20,0,0
695,2,1,66375.0,96,0,0,73,1,948,14,1,0
696,1,1,35178.0,10,0,1,50,1,59,5,2,1
697,3,1,25252.0,26,0,0,35,1,18,4,0,1
698,1,0,55250.0,49,0,0,56,1,903,26,0,0
699,3,0,33249.0,11,0,0,46,1,112,8,0,1
700,3,1,58398.0,44,0,0,68,0,596,20,0,0
701,3,1,50272.0,75,0,0,39,1,233,13,0,1
702,2,1,76618.0,64,0,0,46,0,1511,11,0,3
703,1,0,87305.0,19,0,1,61,0,1152,17,2,2
704,3,1,25851.0,45,0,0,43,1,48,7,0,1
705,3,0,58710.0,77,0,0,51,1,1185,31,0,0
706,3,0,45160.0,9,0,0,63,2,21,4,0,1
707,1,1,74806.0,1,0,0,56,1,965,16,0,0
708,3,1,59111.0,90,0,0,67,0,869,21,0,0
709,2,1,18988.0,43,0,0,37,1,16,6,0,1
710,3,1,72190.0,79,0,0,56,0,1947,16,0,3
711,3,1,7500.0,19,0,1,45,1,71,12,2,1
712,3,1,44794.0,99,0,0,55,1,65,6,0,1
713,3,1,80395.0,62,0,0,66,0,1380,24,1,3
714,1,0,75012.0,41,0,0,45,0,1027,23,0,3
715,1,1,56962.0,60,0,0,56,3,411,21,0,0
716,3,1,89891.0,17,0,0,30,0,836,26,1,3
717,2,0,35946.0,24,0,0,72,2,11,4,0,1
718,2,1,53593.0,60,0,0,68,2,480,23,0,0
719,3,1,66373.0,57,0,0,43,2,606,23,0,0
720,2,0,45072.0,74,0,0,73,3,284,16,0,0
721,3,0,89694.0,22,0,0,48,2,1472,14,3,2
722,3,1,72025.0,46,0,1,72,0,1677,26,4,2
723,3,1,67432.0,69,0,0,48,1,1335,19,0,3
724,1,1,70545.0,29,0,0,69,1,334,13,0,0
725,0,1,17487.0,37,0,0,32,1,18,4,0,1
726,3,1,62882.0,26,0,0,52,1,1338,20,0,3
727,2,0,64108.0,8,0,0,68,1,1099,30,0,0
728,1,1,34941.0,26,0,0,65,2,97,8,0,1
729,2,0,48767.0,79,0,0,71,3,63,9,0,1
730,1,1,38702.0,71,0,0,43,1,109,9,0,1
731,3,1,82224.0,83,0,0,57,0,902,21,1,3
732,3,1,83844.0,57,0,0,69,0,1574,20,1,3
733,1,1,17003.0,37,0,0,46,1,38,9,0,1
734,3,0,71163.0,30,0,0,26,0,960,24,0,3
735,3,0,33697.0,34,0,0,51,1,28,4,1,1
736,1,1,63564.0,0,0,1,67,0,1215,28,2,3
737,2,1,83443.0,89,0,0,49,0,1497,22,0,3
738,2,1,51518.0,92,0,0,63,1,449,17,0,0
739,3,0,58330.0,87,0,0,46,1,1064,24,0,3
740,3,1,80952.0,20,0,1,52,0,1757,25,4,2
741,3,1,75507.0,56,0,0,42,0,1440,21,0,3
742,1,1,63855.0,28,0,0,43,0,1006,24,0,3
743,2,1,62220.0,55,0,1,49,1,1226,23,1,0
744,3,1,58512.0,25,0,0,57,1,1171,20,0,0
745,1,1,40662.0,0,0,0,42,1,92,8,0,1
746,2,1,38829.0,86,0,0,62,1,99,8,0,1
747,1,1,35523.0,8,0,0,40,1,66,8,0,1
748,3,0,79146.0,33,0,0,54,2,564,19,0,0
749,1,1,78285.0,13,0,0,33,0,1427,21,0,3
750,2,0,31626.0,12,0,1,43,1,86,6,2,1
751,3,0,75127.0,92,0,0,69,0,833,19,0,3
752,3,1,48726.0,90,0,0,66,1,242,12,0,1
753,3,1,74985.0,8,0,0,44,0,1869,17,0,3
754,3,1,67430.0,6,0,0,34,0,1364,29,0,3
755,1,1,46891.0,91,0,0,56,1,183,8,0,1
756,1,1,62058.0,52,0,0,65,1,450,18,0,0
757,3,1,72063.0,3,0,0,42,1,758,21,0,0
758,2,1,78939.0,57,0,0,70,0,1507,20,0,3
759,3,0,42720.0,9,0,1,56,2,654,25,1,0
760,3,1,33622.0,22,0,0,49,2,81,9,0,1
761,2,1,6835.0,76,0,0,64,1,137,1,0,1
762,3,1,41452.0,86,0,0,68,2,16,4,0,1
763,2,0,40760.0,64,0,0,56,1,93,8,0,1
764,2,1,74250.0,90,0,0,63,0,1158,18,0,3
765,1,0,51124.0,79,0,0,66,2,43,6,0,1
766,3,0,72258.0,28,0,0,50,1,1525,22,0,3
767,2,0,71466.0,86,0,0,47,0,1230,19,0,3
768,3,1,36283.0,42,0,0,45,2,29,6,0,1
769,3,0,20587.0,39,0,0,51,1,25,5,0,1
770,3,1,30467.0,8,0,0,49,1,24,4,0,1
771,3,1,31590.0,40,0,0,49,1,38,5,0,1
772,0,1,20425.0,5,0,0,35,1,57,7,0,1
773,1,1,17144.0,96,0,0,61,2,47,12,0,1
774,2,0,42564.0,28,0,1,53,1,813,24,2,0
775,1,1,43783.0,22,0,0,43,1,629,22,1,0
776,3,0,40780.0,30,0,0,45,1,377,17,0,0
777,1,1,62847.0,45,0,0,76,0,1612,14,0,3
778,2,1,82017.0,58,0,1,64,0,729,17,4,2
779,3,0,16813.0,49,0,0,71,0,50,6,1,1
780,3,1,51267.0,37,0,0,43,2,270,15,0,1
781,3,0,46524.0,70,0,0,60,1,177,9,0,1
782,1,0,45183.0,33,0,0,59,0,315,13,1,1
783,2,1,70421.0,98,0,0,67,1,767,23,0,0
784,1,0,60161.0,17,0,0,56,1,1071,26,0,0
785,3,1,73926.0,54,0,0,48,0,1580,24,0,3
786,3,1,19329.0,39,0,0,53,1,60,10,0,1
787,1,1,61872.0,81,0,0,51,1,573,21,0,0
788,3,0,46984.0,71,0,0,65,2,41,5,0,1
789,3,1,34838.0,62,0,0,70,2,170,10,0,1
790,2,0,82716.0,8,0,0,77,0,1167,28,0,3
791,3,1,48192.0,76,0,1,63,0,1526,25,4,2
792,1,1,49681.0,66,0,0,45,2,458,21,0,0
793,1,1,56850.0,83,0,0,50,1,63,6,0,1
794,3,1,55267.0,28,0,0,64,1,405,17,0,0
795,3,1,59666.0,87,0,0,49,2,1027,20,1,0
796,3,0,72504.0,43,0,0,49,1,1478,22,0,3
797,3,1,26872.0,0,0,0,40,0,72,5,0,1
798,3,0,21359.0,1,0,1,49,1,48,7,1,1
799,3,0,73170.0,1,0,0,46,0,726,16,0,3
800,1,1,52750.0,72,0,0,66,1,860,27,0,0
801,2,1,91820.0,72,0,0,35,0,1497,22,0,3
802,2,1,65968.0,12,0,0,51,1,495,18,0,0
803,3,1,30772.0,89,0,0,45,2,20,4,0,1
804,3,0,22507.0,67,0,0,67,0,570,19,0,0
805,3,1,65685.0,54,0,0,49,1,769,21,0,0
806,1,1,25804.0,34,0,0,43,1,55,7,0,1
807,2,0,76412.0,15,0,1,41,0,1808,18,3,2
808,3,1,22063.0,43,0,0,49,1,55,7,0,1
809,3,0,57091.0,0,0,1,60,0,577,18,2,2
810,3,1,22419.0,74,0,0,58,0,162,8,0,1
811,3,1,87771.0,61,0,1,62,1,1957,20,5,2
812,1,0,78353.0,51,0,0,62,1,1576,24,0,3
813,3,1,93404.0,97,0,0,67,3,1616,17,2,0
814,3,0,37859.0,75,0,0,59,3,36,6,0,1
815,2,0,80995.0,83,0,0,63,1,1482,22,0,3
816,3,1,16529.0,23,0,0,37,1,22,5,0,1
817,2,0,55412.0,65,0,0,45,2,63,6,0,1
818,3,0,48789.0,94,0,0,29,0,680,18,0,0
819,2,1,56575.0,42,0,0,54,2,542,20,0,0
820,1,1,25130.0,10,0,0,41,1,50,7,0,1
821,3,1,35441.0,94,0,0,54,2,39,6,0,1
822,3,1,71391.0,50,0,0,65,1,1043,28,0,3
823,1,0,49494.0,46,0,0,49,1,385,14,0,1
824,3,0,81702.0,98,0,0,41,0,1633,27,0,3
825,1,0,45889.0,42,0,0,41,1,46,5,0,1
826,3,0,56628.0,30,0,0,44,1,761,20,1,0
827,3,1,34026.0,11,0,0,71,2,76,9,0,1
828,3,1,40049.0,61,0,0,47,1,290,14,0,0
829,3,0,34176.0,12,0,0,33,1,89,11,0,1
830,3,1,19419.0,76,0,0,40,1,70,11,0,1
831,1,1,82504.0,2,0,0,61,0,1066,17,0,3
832,3,1,81205.0,43,0,1,51,0,2009,19,4,2
833,1,0,61618.0,27,0,0,30,0,1345,19,0,3
834,1,0,55284.0,60,0,0,65,1,764,23,0,0
835,3,0,49980.0,79,0,0,58,1,195,11,0,1
836,3,1,15072.0,96,0,0,41,2,53,11,0,1
837,3,0,49166.0,17,0,0,47,1,368,13,0,0
838,2,1,65324.0,0,0,0,67,1,544,20,0,0
839,1,1,82347.0,38,0,0,64,0,1853,25,2,3
840,2,1,30843.0,43,0,0,55,2,35,6,1,1
841,2,1,46374.0,1,0,1,47,1,446,18,3,2
842,3,0,60474.0,25,0,0,42,1,1180,31,0,3
843,1,1,38576.0,2,0,0,48,1,41,5,0,1
844,3,1,55357.0,66,0,0,36,2,727,22,0,0
845,3,1,37758.0,49,0,0,55,2,40,6,0,1
846,1,1,85710.0,5,0,0,32,0,1062,26,1,3
847,3,1,23228.0,71,0,0,52,1,40,7,0,1
848,1,1,44602.0,35,0,0,52,2,292,17,0,1
849,3,1,7500.0,94,0,0,34,0,15,4,0,1
850,1,1,38683.0,80,0,0,32,1,341,17,0,1
851,1,0,49514.0,61,0,0,46,1,369,13,0,1
852,2,1,57906.0,29,0,0,48,1,401,17,0,0
853,1,0,43456.0,0,0,0,55,1,393,17,0,0
854,1,0,19485.0,80,0,0,35,2,10,4,0,1
855,3,1,53172.0,54,0,0,43,1,486,16,0,0
856,3,1,30545.0,71,0,0,42,1,69,7,0,1
857,2,1,70123.0,27,0,0,38,0,1727,17,2,2
858,3,0,62450.0,61,0,0,62,1,995,16,1,0
859,3,1,21675.0,55,0,0,45,1,45,10,0,1
860,1,0,42395.0,35,0,0,40,2,182,12,0,1
861,1,1,61346.0,34,0,0,43,1,989,23,0,3
862,3,1,80812.0,95,0,0,68,0,1677,18,3,2
863,1,0,42835.0,64,0,0,50,2,595,23,0,0
864,3,1,39922.0,30,0,0,38,1,156,9,0,1
865,1,0,86424.0,12,0,0,65,0,1226,28,0,3
866,1,1,17117.0,96,0,0,43,1,128,11,0,1
867,3,0,24762.0,16,0,1,49,1,86,9,2,1
868,3,1,35797.0,16,0,0,46,1,68,7,0,1
869,3,0,36627.0,78,0,0,46,2,16,4,0,1
870,1,1,51111.0,83,0,0,40,2,55,7,0,1
871,2,0,86857.0,96,0,1,49,0,2114,22,1,3
872,2,1,82072.0,67,0,0,51,0,2018,19,0,3
873,2,0,46231.0,87,0,0,68,3,263,15,0,1
874,3,1,42243.0,34,0,0,62,2,55,7,0,1
875,3,1,51195.0,46,0,0,59,2,564,24,0,0
876,1,0,68092.0,7,0,0,43,0,1281,20,0,3
877,3,1,31814.0,73,0,0,48,1,83,7,1,1
878,1,0,51390.0,54,0,0,56,2,353,18,0,0
879,3,1,76630.0,93,0,0,38,0,1003,25,0,3
880,0,0,26868.0,52,0,0,30,1,14,4,0,1
881,2,0,48948.0,53,0,1,78,0,902,24,2,3
882,2,0,55260.0,81,0,0,49,1,1139,25,0,0
883,3,1,64090.0,8,0,1,65,1,797,20,1,0
884,3,0,78331.0,97,0,0,63,1,1638,25,0,3
885,2,1,37087.0,50,0,0,47,1,401,17,0,1
886,3,0,21846.0,38,0,0,35,1,84,11,0,1
887,3,1,81320.0,61,0,0,63,0,928,18,0,3
888,3,0,54137.0,46,0,0,51,1,203,11,0,1
889,3,1,66825.0,73,0,0,54,0,858,16,0,3
890,3,1,57100.0,19,0,0,48,0,409,13,0,1
891,3,1,58917.0,10,0,0,52,3,282,16,0,0
892,3,0,85072.0,94,0,0,44,0,1423,18,0,3
893,3,0,86429.0,10,0,1,60,0,1449,18,2,2
894,3,0,45684.0,37,0,0,50,1,28,4,0,1
895,3,1,47889.0,94,0,0,47,1,67,6,0,1
896,2,1,45921.0,23,0,0,35,0,199,10,0,1
897,2,0,78420.0,75,0,0,55,0,1453,22,0,3
898,3,1,75114.0,40,0,0,29,0,1253,19,0,3
899,2,0,52278.0,24,0,1,58,1,1198,31,1,0
900,1,1,35641.0,11,0,1,49,1,178,10,1,1
901,3,0,95529.0,29,0,1,27,0,1990,18,2,2
902,3,1,62820.0,51,0,0,67,0,976,14,0,3
903,1,1,73113.0,86,0,0,61,0,1001,15,0,3
904,2,1,84169.0,9,0,1,39,0,1919,20,3,2
905,1,0,42607.0,30,0,0,67,1,350,14,0,0
906,2,0,74637.0,73,0,0,67,0,1650,25,1,3
907,2,1,46015.0,25,0,0,66,2,46,5,2,1
908,3,0,72354.0,67,0,0,28,0,1228,19,0,3
909,1,0,39858.0,67,0,1,52,1,95,7,1,1
910,2,1,34469.0,58,0,0,73,2,62,9,0,1
911,3,1,83033.0,82,0,0,35,1,1761,26,1,3
912,1,1,24401.0,98,0,0,42,0,467,16,0,0
913,3,1,77583.0,93,0,0,43,0,1149,19,1,3
914,1,0,74116.0,53,0,0,39,0,2052,19,1,3
915,3,0,74293.0,66,0,0,28,0,1127,16,0,3
916,2,1,68397.0,6,0,0,45,1,1416,21,0,3
917,2,1,79632.0,42,0,0,47,0,1113,20,0,3
918,3,0,46107.0,78,0,0,32,1,125,7,0,1
919,2,0,64950.0,29,0,0,70,1,966,25,1,0
920,0,1,25443.0,82,0,0,32,1,32,5,0,1
921,3,0,75127.0,92,0,0,69,0,833,19,0,3
922,2,1,32892.0,78,0,0,50,1,46,8,0,1
923,3,1,71796.0,54,0,0,50,0,960,17,0,3
924,2,1,67536.0,45,0,0,51,1,1829,30,1,0
925,3,0,55239.0,59,0,0,50,1,779,26,0,0
926,2,0,60554.0,8,0,0,46,1,811,23,0,0
927,1,0,64831.0,51,0,0,69,2,1120,22,0,0
928,2,1,56067.0,51,0,0,59,1,725,20,0,0
929,3,0,82025.0,76,0,1,38,0,1187,12,2,3
930,3,1,94384.0,62,0,1,68,0,2302,18,4,2
931,0,0,14906.0,86,0,0,35,0,66,9,0,1
932,2,1,51563.0,60,0,0,34,0,1250,19,2,2
933,1,1,57937.0,56,0,0,39,1,683,20,0,0
934,3,0,68274.0,83,0,0,42,2,305,13,0,1
935,3,1,39771.0,92,0,0,44,1,50,6,0,1
936,1,0,67893.0,31,0,0,46,1,995,16,0,0
937,2,1,27922.0,80,0,0,42,1,41,6,0,1
938,2,1,52190.0,39,0,0,45,2,77,9,1,1
939,1,0,44051.0,20,0,1,48,2,171,12,1,1
940,2,0,42767.0,53,0,0,50,2,131,7,0,1
941,1,1,46106.0,84,0,0,45,2,54,5,0,1
942,2,1,16927.0,50,0,0,45,2,53,12,0,1
943,3,1,59754.0,96,0,1,56,1,475,16,1,0
944,3,0,53700.0,94,0,0,69,1,694,22,0,0
945,3,1,59041.0,25,0,0,48,2,96,8,0,1
946,2,0,54237.0,48,0,0,64,1,361,16,0,0
947,3,0,70647.0,65,0,0,54,1,1079,26,0,3
948,2,0,52597.0,69,0,0,59,1,578,20,0,0
949,1,1,41021.0,12,0,1,52,1,64,7,1,1
950,2,1,40233.0,84,0,0,46,1,149,13,0,1
951,3,1,50183.0,47,0,0,41,2,231,17,0,1
952,3,1,54753.0,87,0,0,62,1,728,21,0,0
953,3,1,92955.0,35,0,1,48,0,1778,23,3,2
954,3,1,33471.0,47,0,0,48,1,93,10,0,1
955,2,1,34596.0,48,0,1,47,1,23,4,1,1
956,3,1,44010.0,46,0,0,41,1,662,24,0,0
957,3,1,84219.0,27,0,0,33,0,1198,18,0,3
958,2,1,40706.0,37,0,0,53,3,81,11,0,1
959,1,1,15716.0,8,1,0,33,1,92,10,0,1
960,1,0,59052.0,29,0,0,62,1,491,18,0,0
961,1,1,80573.0,85,0,0,50,0,1564,24,0,3
962,3,1,83715.0,2,0,0,59,0,926,24,0,3
963,1,1,82576.0,66,0,0,62,0,1910,19,1,3
964,1,1,56962.0,60,0,0,56,3,411,21,0,0
965,3,1,35704.0,54,0,0,69,2,94,9,0,1
966,3,1,53103.0,70,0,0,67,1,1085,28,1,0
967,1,0,46779.0,55,0,0,61,2,23,4,0,1
968,3,0,4861.0,20,0,0,56,0,6,0,0,1
969,1,0,33462.0,78,0,0,42,1,54,6,0,1
970,3,0,63693.0,63,0,0,43,1,1150,29,0,0
971,3,1,80763.0,17,0,1,71,0,1415,23,3,2
972,2,1,65352.0,43,0,0,47,1,405,16,0,0
973,2,1,82170.0,13,0,0,43,0,1908,19,0,3
974,3,1,75759.0,46,0,1,52,0,2486,26,4,2
975,1,0,79689.0,65,0,0,45,0,1315,27,0,3
976,2,0,35340.0,1,0,0,65,2,45,7,0,1
977,3,0,85683.0,6,0,1,67,0,1789,17,5,2
978,1,1,24884.0,32,0,0,49,1,19,4,0,1
979,1,1,42021.0,34,0,0,40,1,573,22,1,0
980,3,0,64449.0,70,0,0,32,1,805,24,0,3
981,3,0,64587.0,49,0,0,67,2,108,8,0,1
982,3,0,34824.0,65,0,0,26,0,23,4,0,1
983,3,1,75437.0,25,0,0,43,0,1493,23,1,3
984,3,1,26091.0,84,0,0,64,2,89,9,0,1
985,3,1,52845.0,7,0,0,48,1,936,25,1,0
986,3,0,46086.0,34,0,0,65,1,343,16,0,0
987,2,0,78028.0,38,0,1,65,1,528,20,3,2
988,2,0,95169.0,1,0,1,34,0,1901,12,3,2
989,1,1,56337.0,25,0,1,40,2,724,22,3,0
990,3,1,22434.0,25,0,0,34,1,58,7,0,1
991,2,1,36930.0,50,0,0,67,1,297,16,0,0
992,3,0,36130.0,46,0,1,67,1,488,21,2,0
993,1,1,65569.0,96,0,0,68,1,859,23,0,0
994,3,1,83844.0,57,0,0,69,0,1574,20,1,3
995,3,1,19514.0,47,0,0,53,2,69,10,1,1
996,2,0,36736.0,52,0,0,58,2,17,4,0,1
997,3,1,77568.0,30,0,0,42,1,2194,21,3,2
998,2,1,49187.0,63,0,0,45,1,116,8,0,1
999,3,0,30168.0,51,0,0,43,1,279,18,0,1
1000,1,1,34053.0,14,0,0,53,1,103,7,0,1
1001,1,1,38196.0,20,0,0,50,2,44,9,0,1
1002,1,1,59412.0,56,0,0,70,0,406,15,0,3
1003,1,1,70924.0,41,0,0,56,0,1363,20,1,3
1004,3,1,54165.0,72,0,0,52,0,236,11,0,1
1005,3,1,32300.0,1,0,0,48,1,39,5,0,1
1006,3,0,20180.0,27,0,0,45,0,137,8,0,1
1007,3,1,34961.0,77,0,0,48,1,79,10,0,1
1008,2,1,28440.0,87,0,0,47,1,63,6,0,1
1009,2,1,64504.0,81,0,1,68,3,1314,25,1,0
1010,1,1,33564.0,51,0,0,55,1,71,6,0,1
1011,3,1,17345.0,79,0,0,43,1,58,7,0,1
1012,2,1,56320.0,11,0,0,54,1,702,21,0,0
1013,3,0,28647.0,54,0,1,43,1,94,7,2,1
1014,0,0,15038.0,93,0,0,34,1,80,7,0,1
1015,2,0,32173.0,0,0,0,63,1,22,5,0,1
1016,1,1,68316.0,54,0,0,57,1,1211,32,0,0
1017,3,1,74538.0,21,0,1,50,0,1461,22,2,2
1018,3,0,91700.0,58,0,1,50,0,1968,20,1,3
1019,3,1,68695.0,3,0,0,52,0,1091,16,0,3
1020,1,1,31056.0,99,0,0,44,1,55,5,0,1
1021,3,1,79593.0,70,0,0,48,0,1366,19,1,3
1022,3,0,28071.0,65,0,0,41,0,313,13,0,1
1023,2,1,37334.0,44,0,0,63,2,62,11,0,1
1024,1,0,46423.0,6,0,0,49,2,92,9,0,1
1025,2,1,37126.0,9,0,1,50,1,72,6,2,1
1026,3,1,47703.0,95,0,0,68,1,655,21,0,0
1027,3,1,61180.0,70,0,0,62,1,704,18,1,0
1028,3,1,38998.0,92,1,0,67,2,54,8,0,1
1029,3,0,8028.0,62,0,0,30,0,178,16,0,1
1030,3,1,76081.0,85,0,0,59,0,1033,14,1,3
1031,3,1,34728.0,2,0,1,35,1,36,5,1,1
1032,1,0,33168.0,0,0,0,56,1,122,10,0,1
1033,1,1,33585.0,91,0,0,55,1,122,7,0,1
1034,2,1,77037.0,3,0,0,61,1,1123,27,0,3
1035,3,1,35196.0,68,0,1,37,1,497,18,1,0
1036,3,1,44529.0,98,0,0,55,1,691,25,1,0
1037,1,1,70924.0,41,0,0,56,0,1363,20,1,3
1038,2,1,28764.0,16,0,0,55,2,12,4,1,1
1039,2,1,69098.0,82,0,0,72,0,2440,25,0,3
1040,1,0,25959.0,1,0,1,51,2,56,7,1,1
1041,1,1,27100.0,64,0,0,38,1,37,5,0,1
1042,3,0,70596.0,68,0,0,36,0,968,21,0,3
1043,3,1,42557.0,98,0,0,47,1,270,15,0,0
1044,2,1,53312.0,32,0,0,70,0,278,12,0,1
1045,3,0,72228.0,87,0,0,69,0,1250,22,0,3
1046,3,1,67605.0,84,0,0,34,0,938,17,0,3
1047,1,1,62845.0,3,0,0,72,2,1178,28,1,0
1048,3,1,65196.0,34,0,0,63,2,1155,26,1,0
1049,2,0,42000.0,23,0,1,34,0,653,20,1,3
1050,2,0,35860.0,37,0,0,48,2,49,6,1,1
1051,2,1,65526.0,22,0,0,57,1,506,17,0,0
1052,3,1,16860.0,19,0,0,60,2,38,8,0,1
1053,3,0,83528.0,7,0,1,29,0,1650,23,3,2
1054,1,0,64176.0,52,0,0,56,1,1826,33,0,0
1055,3,0,22304.0,91,0,0,65,0,18,4,0,1
1056,3,1,67023.0,93,1,0,43,0,906,24,0,3
1057,2,1,32892.0,78,0,0,50,1,46,8,0,1
1058,3,1,70713.0,23,0,0,55,1,1477,25,0,3
1059,3,1,59925.0,83,0,0,66,1,766,23,0,0
1060,3,1,39722.0,92,0,0,68,1,47,7,0,1
1061,3,1,46610.0,4,0,0,63,0,467,14,0,0
1062,3,1,88347.0,32,0,0,60,0,2116,21,1,3
1063,2,1,87171.0,27,0,0,40,0,1298,25,2,2
1064,1,1,26907.0,10,0,0,45,2,22,6,0,1
1065,1,0,50014.0,9,0,0,53,1,396,15,0,1
1066,2,1,41014.0,65,0,0,43,1,20,4,0,1
1067,3,0,66294.0,68,0,0,56,0,967,13,0,3
1068,3,1,36715.0,16,0,1,50,1,357,19,1,0
1069,3,1,79456.0,12,0,1,65,0,1401,16,1,3
1070,3,1,40479.0,95,0,0,39,1,15,4,0,1
1071,1,0,75345.0,16,0,1,51,0,2087,20,2,2
1072,3,1,54233.0,46,0,0,44,1,981,26,0,0
1073,3,0,24163.0,3,0,0,51,2,17,6,0,1
1074,2,1,84460.0,80,0,1,63,0,523,22,5,2
1075,3,1,43776.0,77,0,0,38,1,23,4,0,1
1076,2,0,71691.0,0,0,1,63,0,1192,17,1,3
1077,2,1,85844.0,62,0,0,48,0,1958,20,1,3
1078,2,0,39190.0,91,0,0,47,1,133,9,0,1
1079,3,1,71367.0,24,0,0,62,0,777,17,0,3
1080,2,0,38578.0,2,0,0,49,2,73,9,0,1
1081,2,1,57236.0,22,0,0,56,2,121,10,0,1
1082,3,0,61825.0,56,0,0,42,1,424,15,0,0
1083,3,0,79803.0,54,0,0,63,1,868,13,0,0
1084,1,0,80910.0,71,0,0,35,0,756,15,0,3
1085,1,1,27590.0,38,0,0,39,1,12,4,0,1
1086,3,1,56775.0,62,0,0,42,1,937,25,0,0
1087,3,0,83829.0,78,0,1,46,0,1862,17,4,2
1088,1,1,54210.0,18,0,0,42,1,367,14,0,0
1089,3,1,38508.0,95,0,0,35,1,443,20,0,0
1090,3,1,53187.0,66,0,0,51,1,267,13,0,1
1091,3,1,30023.0,28,0,0,49,1,61,6,0,1
1092,2,0,76045.0,78,0,0,61,0,1323,21,1,3
1093,2,1,50870.0,13,0,0,69,1,63,6,0,1
1094,1,1,15315.0,27,0,0,51,0,64,8,0,1
1095,1,1,65463.0,17,0,0,47,1,562,19,1,0
1096,3,1,66480.0,71,0,0,56,2,312,19,0,0
1097,3,0,76773.0,79,0,0,67,0,1156,16,0,3
1098,1,0,81698.0,1,0,1,38,0,1104,16,2,2
1099,2,0,54466.0,78,0,0,48,2,16,4,0,1
1100,1,0,98777.0,23,0,0,61,0,2008,19,1,3
1101,2,0,16269.0,75,0,0,37,1,44,9,0,1
1102,3,1,71819.0,70,0,0,50,1,1574,14,2,2
1103,2,1,33569.0,10,0,1,38,1,63,5,2,1
1104,1,1,36262.0,24,0,1,38,0,426,12,2,1
1105,0,1,22634.0,47,0,0,55,0,96,6,0,1
1106,1,1,47025.0,98,0,0,43,1,635,23,0,0
1107,3,0,70566.0,4,0,0,53,1,757,22,0,0
1108,2,1,31605.0,15,0,0,42,1,125,9,0,1
1109,1,0,52034.0,67,0,0,48,2,332,16,0,1
1110,3,0,48526.0,32,0,0,42,1,135,8,0,1
1111,3,1,46734.0,40,0,0,67,1,330,14,0,0
1112,3,0,39552.0,54,0,1,59,2,384,20,1,0
1113,3,0,86358.0,78,0,0,55,2,1722,18,0,0
1114,3,1,46931.0,94,0,0,44,3,78,7,0,1
1115,0,0,16581.0,51,0,0,36,0,24,4,0,1
1116,1,0,63998.0,42,0,1,69,0,1168,25,1,3
1117,1,1,67381.0,67,0,0,70,1,957,17,1,0
1118,3,0,25930.0,87,0,0,54,2,15,4,0,1
1119,3,1,42693.0,29,0,0,43,1,57,5,0,1
1120,3,1,85606.0,89,0,0,45,1,1956,24,1,3
1121,3,0,72903.0,74,0,1,36,0,2013,21,4,2
1122,1,1,49669.0,97,0,0,47,1,326,14,0,1
1123,2,1,36778.0,63,0,0,53,2,77,9,0,1
1124,2,0,85696.0,88,0,1,59,0,1313,20,1,3
1125,1,0,10979.0,34,0,0,32,0,30,8,0,1
1126,3,1,49678.0,81,0,0,60,1,315,14,0,0
1127,1,1,56129.0,65,0,0,68,1,660,22,0,0
1128,3,1,37155.0,51,0,0,32,1,74,7,0,1
1129,1,0,21282.0,76,0,0,43,1,46,7,0,1
1130,2,0,33419.0,76,0,0,59,1,86,8,0,1
1131,3,0,63285.0,84,0,0,76,0,1103,25,0,3
1132,1,1,21255.0,56,0,0,47,1,61,11,0,1
1133,3,1,42162.0,31,0,1,40,1,145,9,2,1
1134,3,1,54450.0,0,0,0,65,2,684,31,0,0
1135,2,1,57744.0,91,0,0,67,1,411,16,0,0
1136,3,0,26576.0,40,0,1,35,1,27,4,2,1
1137,2,0,57513.0,59,0,0,78,0,1060,27,0,0
1138,3,1,68142.0,96,0,0,57,1,1459,24,0,3
1139,3,1,7500.0,61,0,0,42,1,18,4,0,1
1140,3,1,83145.0,14,0,1,47,0,1833,26,2,2
1141,1,1,54197.0,16,0,0,61,1,237,12,0,1
1142,2,0,23091.0,98,0,0,58,2,48,10,0,1
1143,3,1,46049.0,11,0,1,45,2,515,26,1,0
1144,3,1,56715.0,52,0,0,47,0,1020,15,0,3
1145,3,1,79410.0,19,0,0,60,0,1370,11,0,3
1146,3,1,57304.0,61,0,0,70,1,1026,25,0,3
1147,3,1,44375.0,73,0,0,56,1,301,12,0,1
1148,3,1,54450.0,0,0,0,65,2,684,31,0,0
1149,3,1,59594.0,74,0,0,56,1,499,17,1,0
1150,3,1,80685.0,55,0,0,27,0,1004,21,0,3
1151,2,1,40344.0,48,0,0,47,1,218,12,0,1
1152,3,1,62710.0,53,0,0,49,1,606,22,0,0
1153,1,1,48985.0,13,0,0,53,1,75,6,0,1
1154,3,1,35322.0,34,0,0,53,3,106,9,0,1
1155,3,1,77142.0,54,0,0,73,0,990,17,0,3
1156,3,0,81657.0,69,0,0,52,0,1097,16,0,3
1157,0,1,14421.0,81,0,0,25,0,16,4,1,1
1158,1,1,20130.0,99,0,0,47,0,34,5,0,1
1159,2,1,74214.0,3,0,0,31,0,1711,16,0,3
1160,1,1,66726.0,61,0,0,64,2,438,17,1,0
1161,0,1,23724.0,65,0,0,42,1,75,7,0,1
1162,1,1,47353.0,93,0,0,61,1,225,13,0,1
1163,1,1,33444.0,24,0,0,69,2,18,4,0,1
1164,3,1,54386.0,8,0,0,40,1,470,17,0,0
1165,3,0,28510.0,72,0,0,40,2,91,9,0,1
1166,1,0,90638.0,29,0,0,30,0,2525,18,1,3
1167,3,1,48070.0,33,1,0,71,1,504,19,0,0
1168,3,1,43140.0,68,0,0,64,1,235,11,0,1
1169,2,0,54959.0,55,0,1,60,1,1232,21,2,0
1170,0,0,15056.0,76,0,0,63,2,88,12,0,1
1171,3,0,26954.0,17,0,0,50,1,17,4,0,1
1172,3,0,22327.0,94,0,0,36,1,24,5,0,1
1173,3,1,44393.0,86,0,0,56,2,60,7,0,1
1174,2,0,62000.0,25,0,0,69,1,1020,26,1,0
1175,2,1,31497.0,22,0,0,59,1,155,10,0,1
1176,1,1,45894.0,15,0,0,47,2,51,5,0,1
1177,1,0,78579.0,35,0,1,51,0,1812,16,1,3
1178,1,0,67369.0,81,0,1,52,1,1461,25,3,2
1179,3,0,58401.0,55,0,0,61,1,96,6,0,1
1180,3,0,62307.0,94,0,0,69,1,160,9,0,1
1181,1,1,43641.0,50,0,0,52,2,139,10,0,1
1182,1,0,63841.0,64,0,0,53,1,908,22,0,0
1183,1,1,46891.0,91,0,0,56,1,183,8,0,1
1184,1,1,70091.0,11,0,0,52,1,1161,19,1,0
1185,2,1,78075.0,72,0,0,49,0,988,14,0,3
1186,1,0,59184.0,6,0,0,60,1,1072,27,0,3
1187,3,1,54809.0,0,0,0,44,2,174,12,0,1
1188,3,1,58113.0,66,1,0,62,1,758,22,0,0
1189,1,1,51412.0,42,0,0,63,1,195,11,0,1
1190,3,0,15287.0,60,0,1,42,1,31,6,2,1
1191,1,1,66636.0,64,0,0,64,0,1084,17,0,3
1192,1,1,50965.0,87,0,0,65,1,685,22,1,0
1193,2,1,84618.0,96,0,0,56,0,1672,26,1,3
1194,3,1,18351.0,1,0,0,31,0,43,6,0,1
1195,2,1,40451.0,54,0,0,64,2,49,5,1,1
1196,3,1,36317.0,53,0,0,56,1,133,9,0,1
1197,3,1,42213.0,96,0,0,64,1,363,15,1,0
1198,3,1,65748.0,58,1,0,66,1,545,18,0,3
1199,3,1,77044.0,12,0,0,49,1,1065,31,1,0
1200,3,1,74918.0,78,0,0,52,0,2047,21,1,3
1201,3,1,56721.0,64,0,0,49,2,296,15,0,1
1202,3,0,42160.0,26,0,1,46,2,140,11,1,1
1203,3,0,61559.0,8,0,0,56,1,530,17,0,0
1204,2,1,33629.0,49,0,0,58,2,152,13,0,1
1205,2,1,68682.0,56,0,0,30,0,1598,24,0,3
1206,3,0,34377.0,55,0,0,58,1,114,8,0,1
1207,0,0,8940.0,25,0,0,35,1,101,10,0,1
1208,3,1,26228.0,50,0,0,48,1,25,4,0,1
1209,1,0,77297.0,84,0,0,64,0,789,22,1,3
1210,3,1,40211.0,30,0,0,40,2,87,7,1,1
1211,2,0,33438.0,81,0,0,63,2,90,11,0,1
1212,2,1,75032.0,74,0,0,62,1,1215,20,0,0
1213,2,0,61284.0,76,0,0,66,0,811,22,1,0
1214,3,1,22518.0,36,0,1,35,1,61,7,2,1
1215,1,1,54730.0,64,0,0,46,1,405,18,0,0
1216,1,1,38452.0,62,0,0,66,2,72,9,0,1
1217,3,0,44421.0,53,0,0,50,2,189,14,0,1
1218,2,1,38197.0,86,0,0,35,1,40,5,0,1
1219,3,0,41986.0,15,0,0,43,1,63,10,0,1
1220,3,1,28427.0,67,0,0,38,1,52,7,0,1
1221,2,1,37395.0,47,0,0,45,1,39,5,0,1
1222,3,1,64722.0,47,0,0,50,1,805,25,0,0
1223,1,1,55249.0,81,0,0,65,1,130,8,0,1
1224,3,1,84906.0,98,0,0,49,0,1631,24,3,2
1225,3,1,28691.0,56,0,0,32,1,34,5,0,1
1226,3,0,44213.0,48,0,0,69,2,152,12,0,1
1227,0,0,25707.0,18,0,0,37,1,21,5,0,1
1228,2,1,59062.0,74,0,0,54,3,71,7,0,1
1229,3,0,76624.0,68,0,0,59,1,899,23,1,3
1230,1,1,66000.0,36,0,0,74,0,711,10,0,3
1231,2,1,27683.0,90,0,0,43,1,351,16,0,1
1232,3,0,1730.0,65,0,0,50,0,8,15,0,1
1233,0,0,7500.0,63,0,0,29,1,119,11,0,1
1234,3,1,40521.0,82,0,0,53,2,21,4,0,1
1235,2,1,20427.0,63,0,0,48,1,10,4,0,1
1236,3,1,65106.0,55,0,0,46,1,973,27,1,0
1237,2,1,69969.0,64,0,1,56,0,1536,13,3,2
1238,3,1,67433.0,51,0,0,69,2,992,28,1,0
1239,2,1,77766.0,97,0,1,54,1,1529,34,2,3
1240,3,1,74716.0,92,0,0,49,1,860,17,0,3
1241,3,0,68118.0,51,0,0,58,1,928,23,0,0
1242,2,1,55158.0,72,0,1,51,2,418,18,1,0
1243,1,1,62972.0,39,0,1,66,1,587,16,1,0
1244,3,1,74190.0,49,0,0,46,1,641,19,0,3
1245,3,1,39356.0,21,0,0,45,2,23,4,1,1
1246,3,1,76653.0,91,0,0,52,0,2279,23,2,2
1247,2,0,35860.0,37,0,0,48,2,49,6,1,1
1248,2,0,90687.0,98,0,1,38,0,1779,17,2,2
1249,1,1,73450.0,85,0,0,39,0,1804,27,2,2
1250,3,1,31454.0,40,0,0,61,2,48,8,0,1
1251,3,0,47139.0,2,0,1,69,2,83,7,1,1
1252,3,0,83829.0,78,0,1,46,0,1862,17,4,2
1253,2,1,53378.0,41,0,1,58,2,793,29,1,0
1254,3,1,19656.0,94,0,0,51,1,84,9,0,1
1255,2,1,45579.0,10,0,0,73,1,183,10,0,1
1256,1,0,85485.0,73,0,0,63,0,1383,19,0,3
1257,3,1,55956.0,22,0,0,77,0,999,16,1,0
1258,1,0,64191.0,30,0,0,58,1,825,24,0,0
1259,3,0,38808.0,21,0,1,49,1,246,14,2,1
1260,1,1,57183.0,51,0,0,55,2,610,25,0,0
1261,1,0,23748.0,97,0,0,53,1,76,9,0,1
1262,3,1,66303.0,56,0,0,50,1,1286,22,1,0
1263,1,1,37368.0,4,0,0,46,1,30,4,1,1
1264,3,1,40800.0,77,1,0,57,3,99,8,0,1
1265,3,0,71847.0,95,0,0,43,0,1192,22,1,3
1266,3,1,46149.0,36,0,0,46,1,362,18,0,0
1267,3,1,78687.0,13,0,1,38,0,2130,19,2,2
1268,1,0,49118.0,90,0,1,50,0,1229,28,3,2
1269,2,1,37633.0,49,0,0,64,2,38,6,0,1
1270,1,1,39767.0,18,0,0,70,0,485,17,0,0
1271,0,1,26997.0,89,0,0,70,0,434,13,0,0
1272,3,0,33986.0,43,0,0,51,1,44,5,0,1
1273,2,1,57091.0,82,0,1,49,1,496,18,2,0
1274,1,1,46831.0,84,0,0,52,2,78,7,0,1
1275,1,1,83151.0,80,0,1,49,0,2346,23,4,2
1276,3,1,52531.0,68,0,0,50,0,794,21,0,3
1277,3,1,15759.0,12,0,0,65,0,17,4,0,1
1278,3,0,22804.0,75,0,0,50,1,26,5,0,1
1279,1,1,43050.0,10,0,0,48,1,76,8,0,1
1280,2,0,42997.0,91,0,0,44,2,15,4,0,1
1281,2,0,48918.0,21,0,0,58,2,62,7,0,1
1282,1,1,60033.0,28,0,0,67,1,198,10,0,1
1283,2,1,34043.0,97,0,0,43,1,49,5,0,1
1284,3,1,57811.0,49,0,0,55,1,802,25,1,0
1285,3,1,78569.0,14,0,1,75,0,1736,15,2,3
1286,3,0,7500.0,5,0,0,43,2,57,10,0,1
1287,1,1,157733.0,37,0,0,50,1,59,2,0,1
1288,3,1,94384.0,62,0,1,68,0,2302,18,4,2
1289,1,1,23148.0,83,0,0,36,0,37,6,0,1
1290,3,0,44267.0,48,0,0,51,2,310,16,0,1
1291,3,1,71626.0,94,0,0,42,0,1305,19,1,3
1292,3,1,60894.0,61,0,0,55,1,832,26,0,0
1293,3,1,50200.0,70,0,0,45,2,401,19,0,0
1294,2,1,81051.0,43,0,0,56,0,1501,23,2,2
1295,3,1,65169.0,23,0,1,39,0,1189,28,5,2
1296,3,1,59868.0,37,0,0,49,1,1194,32,0,0
1297,2,1,65695.0,50,0,0,61,1,656,21,0,0
1298,1,0,64857.0,78,0,0,65,0,1540,23,0,3
1299,1,1,45143.0,74,0,0,56,1,311,15,0,0
1300,1,1,74805.0,14,0,0,66,1,820,26,0,3
1301,1,1,59060.0,77,0,0,32,1,274,14,0,1
1302,2,0,27238.0,39,0,0,59,2,57,9,0,1
1303,3,1,47009.0,89,0,0,56,1,448,17,0,0
1304,1,1,46094.0,62,0,0,48,2,44,5,0,1
1305,3,1,40321.0,59,0,0,49,2,102,8,0,1
1306,3,1,37235.0,68,0,0,37,1,61,5,0,1
1307,1,1,81843.0,13,0,0,61,0,1643,27,0,3
1308,1,1,46692.0,37,0,0,63,1,397,15,0,0
1309,3,1,77382.0,36,0,0,53,1,1121,26,1,3
1310,3,0,37774.0,28,1,1,44,2,473,16,2,1
1311,0,1,18393.0,2,0,0,47,1,50,8,0,1
1312,1,1,72828.0,17,0,0,59,1,1678,28,0,0
1313,3,1,24711.0,86,0,0,39,0,58,7,0,1
1314,2,1,45503.0,54,0,0,46,1,170,9,0,1
1315,1,0,6560.0,2,0,0,39,0,373,2,0,1
1316,2,1,71604.0,3,0,1,76,0,1196,17,2,3
1317,3,1,27244.0,84,0,0,42,1,101,8,0,1
1318,3,1,48752.0,8,0,1,52,2,316,17,1,0
1319,3,1,71434.0,4,0,0,59,1,1400,21,2,2
1320,3,0,90842.0,57,0,0,73,0,1424,27,0,3
1321,1,1,88097.0,24,0,1,43,1,844,20,4,2
1322,3,1,51948.0,51,0,0,46,1,311,13,0,0
1323,3,1,71853.0,29,0,0,39,0,1149,17,0,3
1324,1,1,35876.0,13,0,0,38,0,129,8,0,1
1325,3,0,40049.0,23,0,0,69,1,32,5,0,1
1326,3,0,39660.0,36,0,1,39,1,299,14,1,1
1327,3,1,50127.0,88,0,0,59,1,320,13,1,0
1328,1,1,43263.0,2,0,0,44,1,441,16,0,0
1329,1,1,62845.0,3,0,1,72,2,1178,28,2,0
1330,3,1,18929.0,15,0,0,31,0,85,6,0,1
1331,0,0,24367.0,58,0,0,39,1,24,4,0,1
1332,3,0,33249.0,11,0,0,46,1,112,8,0,1
1333,1,1,26887.0,27,0,0,62,1,30,5,0,1
1334,2,1,50150.0,32,0,0,38,0,410,16,0,0
1335,3,1,62061.0,12,0,0,45,1,800,24,1,0
1336,2,0,85696.0,88,0,1,59,0,1313,20,1,3
1337,2,1,76542.0,91,0,0,65,0,1483,23,0,3
1338,3,0,70515.0,12,0,1,28,0,1258,17,1,3
1339,3,1,18227.0,21,0,0,34,1,28,4,0,1
1340,3,1,69139.0,23,0,0,56,1,227,11,0,1
1341,3,1,69109.0,10,0,1,39,0,1555,20,2,2
1342,3,0,69627.0,35,0,0,59,1,861,23,0,3
1343,3,1,38136.0,69,0,0,43,1,103,8,1,1
1344,2,0,62159.0,68,0,0,75,0,634,19,0,3
1345,3,0,80695.0,85,0,0,58,0,1918,19,0,3
1346,1,0,33316.0,34,0,0,50,2,131,10,0,1
1347,3,1,58554.0,55,0,0,53,2,586,22,0,0
1348,0,1,17256.0,10,0,0,29,1,62,7,1,1
1349,3,0,53034.0,30,0,0,47,2,447,22,0,0
1350,1,1,52203.0,36,0,0,71,0,939,27,0,3
1351,1,0,59601.0,14,0,0,44,1,797,15,1,0
1352,1,0,75154.0,79,0,1,63,1,1143,16,1,3
1353,3,0,47025.0,52,0,0,45,1,415,17,0,0
1354,3,1,37971.0,97,0,0,48,1,30,5,0,1
1355,1,0,41335.0,24,0,0,53,1,187,12,0,1
1356,3,1,67267.0,0,0,0,63,1,251,11,0,1
1357,3,0,57338.0,96,0,0,46,1,237,12,0,1
1358,1,1,50523.0,89,0,0,61,2,91,8,0,1
1359,1,0,35791.0,94,0,0,56,3,35,6,0,1
1360,2,0,50611.0,98,0,0,61,1,493,22,1,0
1361,2,1,56242.0,72,0,0,52,1,971,28,0,0
1362,3,0,48904.0,1,0,0,61,1,371,17,0,0
1363,3,0,56243.0,26,0,0,46,3,396,20,0,0
1364,3,1,21355.0,5,0,1,36,1,68,7,2,1
1365,1,1,57420.0,22,0,0,50,1,322,15,1,0
1366,1,0,46390.0,56,0,0,66,1,222,10,0,1
1367,1,1,54342.0,74,0,0,65,2,177,12,0,1
1368,3,1,20895.0,24,0,0,48,1,45,6,0,1
1369,3,1,92344.0,9,0,0,73,0,1899,20,2,2
1370,1,1,26907.0,10,0,0,45,2,22,6,0,1
1371,3,1,44964.0,35,0,0,41,2,41,5,0,1
1372,3,1,75507.0,56,0,0,42,0,1440,21,0,3
1373,1,1,53761.0,7,0,0,49,2,325,17,0,0
1374,3,1,22682.0,51,0,0,48,1,95,10,0,1
1375,2,1,38887.0,17,0,0,49,1,42,5,0,1
1376,1,0,41658.0,30,0,0,46,2,72,6,0,1
1377,2,1,29791.0,21,0,0,49,1,20,7,0,1
1378,1,1,63915.0,2,0,0,65,2,789,23,0,0
1379,3,0,39996.0,85,0,0,47,2,15,4,0,1
1380,3,0,26759.0,65,0,0,49,1,59,8,0,1
1381,1,0,63841.0,64,0,0,53,1,908,22,0,0
1382,2,1,51039.0,11,0,0,52,2,417,14,0,0
1383,3,1,60544.0,92,0,0,60,2,289,15,0,1
1384,3,1,65685.0,54,0,0,49,1,769,21,0,0
1385,3,1,37716.0,4,0,0,68,1,188,10,0,1
1386,3,0,36864.0,53,0,1,64,1,354,14,1,0
1387,1,1,44511.0,39,0,0,51,1,727,26,0,0
1388,2,1,36947.0,49,0,0,54,2,146,11,0,1
1389,1,1,47352.0,70,0,0,70,1,319,16,0,0
1390,1,1,67087.0,40,0,0,68,1,794,22,0,0
1391,3,1,57045.0,40,0,0,71,1,454,18,0,0
1392,2,0,36957.0,43,0,1,68,2,152,11,1,1
1393,2,1,69389.0,17,0,0,44,1,797,22,0,0
1394,3,1,80134.0,40,0,1,49,1,1690,16,4,2
1395,1,1,43142.0,84,0,0,52,2,20,4,0,1
1396,3,1,80589.0,25,0,1,77,0,1428,21,2,3
1397,3,0,34412.0,62,0,0,31,1,209,11,0,1
1398,3,0,57537.0,83,0,0,42,1,545,19,0,0
1399,0,1,22634.0,47,0,0,55,0,96,6,0,1
1400,3,1,51315.0,45,0,0,73,0,222,10,0,1
1401,3,1,36026.0,34,0,0,49,3,61,7,0,1
1402,3,1,24639.0,3,0,0,48,2,44,9,0,1
1403,2,1,34578.0,1,0,0,49,3,8,4,0,1
1404,1,0,65704.0,18,0,0,49,0,817,23,0,3
1405,3,0,63810.0,45,0,0,55,1,1371,23,1,0
1406,2,1,54132.0,81,0,0,52,1,42,5,0,1
1407,3,1,18690.0,77,0,0,62,0,60,5,0,1
1408,3,1,28164.0,23,0,0,51,1,78,9,0,1
1409,2,1,34596.0,48,0,0,47,1,23,4,0,1
1410,2,1,43269.0,61,0,0,49,1,19,4,0,1
1411,1,0,38741.0,60,0,0,63,2,61,7,0,1
1412,3,0,31907.0,75,0,0,49,0,449,14,0,3
1413,1,1,27100.0,64,0,0,38,1,37,5,0,1
1414,1,0,31163.0,54,0,0,48,1,38,5,0,1
1415,3,1,92533.0,84,0,0,36,0,1131,23,2,2
1416,3,0,34853.0,75,0,0,48,2,34,7,0,1
1417,3,0,70844.0,16,0,0,54,2,294,17,0,0
1418,1,1,31086.0,79,0,0,42,2,48,6,1,1
1419,3,1,60544.0,92,0,0,60,2,289,15,0,1
1420,1,1,20491.0,16,0,0,35,0,30,4,0,1
1421,3,1,42523.0,96,0,0,57,0,125,7,0,1
1422,3,1,39922.0,30,0,0,38,1,156,9,0,1
1423,3,1,33402.0,60,0,0,69,2,70,9,0,1
1424,1,1,36408.0,11,0,0,72,2,22,4,0,1
1425,3,1,21645.0,75,0,1,42,1,65,9,1,1
1426,1,0,78427.0,36,0,1,73,0,1930,23,2,2
1427,3,1,82657.0,71,0,0,75,0,2283,23,2,2
1428,3,1,51876.0,88,0,0,63,0,310,13,0,1
1429,1,1,78041.0,93,0,0,50,0,1319,18,0,3
1430,3,1,52852.0,93,0,0,64,1,879,26,1,0
1431,2,1,70038.0,54,0,0,39,0,1244,17,0,3
1432,1,1,69401.0,41,0,0,48,1,690,17,0,0
1433,3,1,46053.0,46,0,0,49,1,209,12,0,1
1434,3,1,77343.0,28,0,0,56,0,1134,17,0,3
1435,3,0,73892.0,40,0,1,68,0,1507,23,1,3
1436,2,0,40304.0,82,0,0,54,1,57,6,0,1
1437,2,1,32727.0,38,0,0,56,0,529,17,0,0
1438,3,1,68695.0,3,0,0,52,0,1091,16,0,3
1439,3,0,43300.0,87,0,1,50,1,180,11,1,1
1440,3,1,26290.0,49,0,0,49,2,77,10,0,1
1441,3,0,93790.0,16,0,1,51,0,2349,25,4,2
1442,2,1,38410.0,65,0,1,47,0,534,18,1,3
1443,1,0,64866.0,9,0,0,71,1,556,21,1,0
1444,3,1,57957.0,24,1,0,62,1,637,25,0,0
1445,2,1,46015.0,25,0,0,66,2,46,5,2,1
1446,3,1,16531.0,43,0,0,43,1,44,9,0,1
1447,1,1,28072.0,10,0,0,35,1,47,5,0,1
1448,1,0,49476.0,29,0,0,58,1,795,22,0,0
1449,3,1,50725.0,45,0,0,68,1,586,21,0,0
1450,3,1,83844.0,57,0,0,69,0,1574,20,1,3
1451,2,1,41145.0,20,0,0,71,2,13,4,0,1
1452,3,1,67419.0,29,0,0,51,1,1471,25,0,0
1453,1,1,23162.0,82,0,0,51,2,65,8,0,1
1454,3,1,34380.0,68,0,0,44,1,175,12,0,1
1455,3,0,34704.0,65,0,0,55,1,40,5,0,1
1456,2,1,94871.0,99,0,1,52,2,1078,18,3,2
1457,3,1,65148.0,9,0,0,63,1,1115,21,0,0
1458,3,1,39898.0,20,0,0,67,1,134,9,0,1
1459,1,0,64857.0,78,0,0,65,0,1540,23,0,3
1460,2,1,59892.0,26,0,0,51,1,87,7,0,1
1461,1,0,41020.0,68,0,0,34,0,217,10,0,1
1462,2,1,57072.0,79,0,0,60,1,1034,27,1,0
1463,3,0,60474.0,25,0,0,42,1,1180,31,0,3
1464,3,1,62807.0,83,0,0,61,1,819,23,0,0
1465,1,1,19414.0,32,0,0,40,1,32,5,0,1
1466,3,1,19107.0,49,0,0,41,1,46,6,0,1
1467,1,1,75484.0,50,0,0,45,1,1159,18,0,3
1468,1,0,70379.0,84,0,0,45,1,860,25,0,0
1469,1,1,79419.0,96,0,0,51,0,1631,15,0,3
1470,2,1,64014.0,56,0,0,75,3,444,22,1,0
1471,3,1,76998.0,85,0,0,66,1,1910,29,1,3
1472,1,1,49854.0,63,0,0,49,1,380,18,0,1
1473,2,1,60585.0,17,0,1,50,2,736,30,1,0
1474,2,0,42873.0,11,0,0,71,2,269,15,0,1
1475,3,1,87679.0,62,0,1,33,0,2524,29,4,2
1476,3,1,57867.0,48,0,0,43,1,612,25,0,0
1477,3,1,35765.0,86,0,0,31,1,75,8,0,1
1478,3,1,65492.0,73,0,0,62,0,1045,26,0,3
1479,3,0,32952.0,36,0,0,44,1,55,6,0,1
1480,2,1,53374.0,34,0,1,52,1,1064,21,2,0
1481,3,1,71706.0,16,0,0,62,1,1443,25,0,0
1482,3,1,68487.0,48,0,0,33,0,1366,30,0,3
1483,1,1,53253.0,61,0,0,46,2,436,19,0,0
1484,1,0,31163.0,54,0,0,48,1,38,5,0,1
1485,3,1,42014.0,56,0,1,44,1,436,20,1,0
1486,1,1,54108.0,74,0,0,48,2,747,32,0,0
1487,2,0,49667.0,35,0,1,66,0,1396,22,2,0
1488,1,1,63206.0,65,0,0,47,0,928,14,1,3
1489,1,1,57136.0,48,0,0,49,2,642,26,0,0
1490,1,1,46772.0,88,0,0,46,1,1048,30,1,3
1491,2,1,78931.0,19,0,0,50,0,943,24,0,3
1492,3,1,53977.0,21,0,0,63,1,907,27,0,0
1493,3,1,84219.0,27,0,0,33,0,1198,18,0,3
1494,1,0,46098.0,86,0,0,46,2,120,11,0,1
1495,3,1,73538.0,92,0,0,56,1,1658,26,0,3
1496,3,1,79529.0,1,0,0,35,0,1638,22,0,3
1497,1,1,20981.0,14,0,1,44,0,73,7,1,1
1498,3,0,51766.0,74,0,0,41,1,275,12,0,1
1499,3,1,55759.0,84,0,0,59,1,854,26,0,0
1500,3,1,33039.0,4,0,0,43,1,78,7,0,1
1501,1,1,37787.0,50,0,0,49,1,106,7,0,1
1502,3,0,27242.0,2,0,1,51,1,106,7,1,1
1503,2,0,87188.0,73,0,1,38,0,1923,19,1,3
1504,3,1,69930.0,21,0,0,50,0,1662,22,0,3
1505,3,0,37697.0,82,0,0,45,1,84,7,0,1
1506,2,1,37401.0,14,0,0,48,1,48,7,0,1
1507,3,0,3502.0,56,0,0,48,1,5,0,0,1
1508,3,1,58597.0,20,0,0,45,2,733,32,0,0
1509,2,0,82032.0,54,0,0,73,0,1234,17,0,3
1510,3,1,28087.0,77,0,0,63,2,112,9,0,1
1511,2,0,74004.0,5,0,1,34,0,1658,15,3,2
1512,3,1,19740.0,65,0,0,61,1,55,7,0,1
1513,1,1,57036.0,33,0,0,46,1,1513,26,1,0
1514,1,1,53083.0,65,0,0,63,2,271,17,1,0
1515,2,1,69283.0,41,0,0,46,1,904,27,0,0
1516,1,0,46098.0,86,0,1,46,2,120,11,1,1
1517,1,1,23331.0,92,0,0,33,1,103,8,0,1
1518,1,0,23331.0,97,0,0,33,1,269,17,0,1
1519,3,0,9255.0,91,0,0,32,1,22,5,0,1
1520,2,0,67786.0,0,0,1,62,0,1156,16,1,3
1521,2,1,71969.0,59,0,0,50,1,1086,19,1,0
1522,1,0,59235.0,4,0,0,54,1,1128,28,0,0
1523,3,1,31928.0,5,0,0,32,1,72,9,0,1
1524,1,1,74881.0,48,0,0,60,2,964,27,0,0
1525,3,1,65819.0,99,0,0,43,0,1383,20,0,3
1526,2,0,51411.0,81,0,0,68,3,18,4,0,1
1527,3,0,51983.0,95,0,0,57,1,793,24,0,0
1528,1,1,42386.0,43,0,0,35,1,100,7,0,1
1529,1,1,30390.0,5,0,0,34,0,80,6,0,1
1530,3,0,30983.0,50,0,1,58,0,167,8,1,1
1531,3,0,66033.0,76,0,0,64,1,677,20,0,0
1532,1,1,37284.0,46,0,0,46,2,23,4,0,1
1533,1,0,57530.0,68,0,0,70,1,92,7,0,1
1534,1,1,76800.0,33,0,0,56,0,641,16,0,3
1535,3,1,63943.0,50,0,0,65,1,1106,17,0,3
1536,3,1,76081.0,85,0,0,59,0,1033,14,1,3
1537,3,1,67445.0,63,0,0,47,1,1174,32,0,0
1538,1,1,37054.0,89,0,0,54,2,25,6,0,1
1539,1,1,47175.0,81,0,1,59,2,240,17,2,1
1540,3,0,31859.0,77,0,0,45,1,20,4,0,1
1541,3,0,27215.0,50,0,0,60,3,102,11,0,1
1542,2,0,70179.0,10,0,0,45,1,1034,26,0,0
1543,3,1,39922.0,30,0,0,38,1,156,9,0,1
1544,1,1,49681.0,66,0,0,45,2,458,21,0,0
1545,3,1,24645.0,16,0,0,33,1,17,4,0,1
1546,3,0,79865.0,12,0,0,67,1,792,21,0,3
1547,3,1,44322.0,30,0,0,36,1,92,8,0,1
1548,3,0,47958.0,8,0,0,69,1,407,16,0,0
1549,1,0,63972.0,93,0,0,57,1,1269,23,1,0
1550,3,1,75315.0,14,0,0,67,1,841,23,0,0
1551,2,1,55517.0,53,0,1,71,2,633,23,1,0
1552,2,1,75283.0,26,0,0,64,3,1019,25,0,0
1553,2,0,82800.0,23,0,1,75,0,1315,26,3,2
1554,3,1,38998.0,92,1,0,67,2,54,8,0,1
1555,1,0,90638.0,29,0,1,30,0,2525,18,2,2
1556,1,1,27161.0,41,0,0,35,1,52,5,0,1
1557,3,1,42014.0,56,0,1,44,1,436,20,1,0
1558,2,1,38201.0,19,0,0,61,1,268,15,0,0
1559,3,1,45203.0,4,0,1,39,2,147,8,1,1
1560,2,1,81574.0,89,0,0,74,0,1798,18,2,2
1561,3,1,34935.0,71,0,0,29,0,137,8,0,1
1562,1,0,60482.0,81,0,0,45,1,507,17,0,0
1563,3,1,34633.0,31,0,0,65,3,15,4,0,1
1564,1,1,78093.0,53,0,0,74,0,1105,17,0,3
1565,3,0,82460.0,78,0,0,71,0,974,15,0,3
1566,1,1,45903.0,80,0,0,55,1,66,8,0,1
1567,3,0,81361.0,18,0,1,34,0,778,27,1,3
1568,2,0,35860.0,37,0,1,48,2,49,6,2,1
1569,1,1,40442.0,52,0,1,69,2,169,12,1,1
1570,3,1,61482.0,39,0,0,56,0,299,12,0,3
1571,3,1,34968.0,11,0,0,41,1,221,17,0,1
1572,3,1,75794.0,33,0,0,34,0,1682,25,1,3
1573,2,1,31497.0,22,0,0,59,1,155,10,0,1
1574,3,1,74268.0,83,0,0,66,0,892,13,0,3
1575,0,1,13724.0,43,0,0,33,1,58,5,1,1
1576,1,1,45143.0,74,0,0,56,1,311,15,0,0
1577,2,0,52569.0,54,0,0,54,1,95,7,0,1
1578,2,0,48432.0,3,0,1,48,1,424,19,1,0
1579,1,1,17144.0,96,0,0,61,2,47,12,0,1
1580,3,0,36108.0,68,0,0,37,1,339,15,1,1
1581,3,1,76445.0,2,0,0,50,1,1410,21,0,3
1582,2,1,36663.0,40,0,0,46,1,35,6,0,1
1583,1,1,53843.0,64,0,0,56,1,562,20,0,0
1584,1,1,90226.0,26,0,0,65,0,2352,24,1,3
1585,1,0,70638.0,69,0,0,66,0,1334,20,1,3
1586,3,1,44512.0,57,0,0,61,2,32,6,0,1
1587,3,1,27116.0,78,0,0,60,2,41,7,0,1
1588,2,1,54072.0,71,0,0,58,2,39,5,0,1
1589,3,1,71855.0,59,0,0,44,1,1141,25,0,0
1590,1,0,51250.0,28,0,0,31,1,710,24,1,0
1591,1,1,60432.0,61,0,0,48,1,401,19,0,0
1592,2,1,65526.0,22,0,0,57,1,506,17,0,0
1593,3,0,68655.0,95,0,0,33,0,1538,21,0,3
1594,1,1,12393.0,38,0,0,43,0,57,6,0,1
1595,3,0,64509.0,19,0,1,31,0,1722,19,2,3
1596,3,0,33955.0,92,0,0,46,1,270,15,0,1
1597,3,1,31353.0,24,0,1,44,2,31,6,1,1
1598,3,1,55434.0,21,0,0,37,1,882,24,0,3
1599,3,1,28359.0,35,0,0,38,1,16,4,0,1
1600,3,0,57100.0,9,0,0,34,1,311,14,0,1
1601,3,1,69139.0,23,0,0,56,1,227,11,0,1
1602,1,1,52973.0,92,0,0,65,1,1152,31,0,0
1603,2,1,51717.0,55,0,0,56,1,122,8,1,1
1604,3,1,18793.0,14,0,0,50,1,77,9,0,1
1605,1,1,66664.0,78,0,0,39,0,1289,19,0,3
1606,3,0,50664.0,64,0,0,62,2,561,24,0,0
1607,3,1,54414.0,49,0,0,58,2,211,13,0,1
1608,2,1,54549.0,8,0,0,69,1,233,12,0,1
1609,2,0,47111.0,35,0,0,50,1,1092,21,0,0
1610,2,0,41003.0,11,0,0,58,0,601,17,0,3
1611,3,1,19444.0,8,0,1,39,1,54,10,1,1
1612,1,1,36301.0,53,0,0,45,1,78,7,0,1
1613,2,1,73059.0,36,0,0,74,1,1095,26,0,3
1614,2,1,42731.0,64,0,0,52,1,244,13,0,1
1615,2,1,52854.0,43,0,0,62,2,116,9,0,1
1616,3,1,22775.0,40,0,0,43,1,15,4,0,1
1617,2,1,46681.0,52,0,0,73,2,425,16,0,0
1618,2,1,59821.0,11,0,0,66,1,734,26,0,0
1619,3,0,50002.0,21,0,0,67,1,638,19,0,0
1620,3,1,69755.0,23,0,0,76,0,894,22,0,3
1621,3,1,44078.0,17,0,0,52,2,41,7,0,1
1622,1,1,30560.0,6,0,0,45,1,31,5,0,1
1623,1,1,35924.0,56,0,0,52,2,34,5,0,1
1624,2,0,64140.0,71,0,1,57,2,1750,18,4,2
1625,3,1,56386.0,51,0,0,40,2,612,25,0,0
1626,0,1,24594.0,94,0,0,42,1,29,5,0,1
1627,1,1,75774.0,27,0,0,40,1,823,21,0,3
1628,1,0,39228.0,1,0,0,61,0,20,4,0,1
1629,1,1,58494.0,56,0,0,47,1,396,16,0,0
1630,3,0,58684.0,71,0,0,40,0,813,21,1,3
1631,3,0,57136.0,18,0,1,54,0,1179,20,1,3
1632,2,0,56551.0,48,0,0,71,2,138,10,0,1
1633,3,1,22448.0,86,0,0,39,1,55,9,0,1
1634,3,0,82014.0,48,0,1,60,0,1511,22,1,3
1635,3,0,34213.0,2,0,1,58,2,117,9,1,1
1636,3,1,157146.0,13,0,0,44,0,1730,28,0,3
1637,2,0,25358.0,57,0,0,74,1,32,6,0,1
1638,1,0,35544.0,77,0,0,43,1,67,6,0,1
1639,1,1,36634.0,0,0,0,67,1,335,15,0,0
1640,2,1,62670.0,57,0,0,67,1,825,22,0,0
1641,1,1,50334.0,24,0,0,49,1,694,23,0,0
1642,3,0,72066.0,55,0,1,40,0,1792,17,3,2
1643,2,0,50729.0,62,0,0,63,2,496,24,0,0
1644,3,1,34916.0,89,0,0,53,2,231,13,0,1
1645,3,0,64892.0,77,0,0,45,1,902,24,0,0
1646,3,0,43602.0,45,0,0,55,2,68,9,0,1
1647,2,0,33996.0,46,0,0,32,0,71,6,0,1
1648,1,0,41473.0,80,0,0,36,1,76,6,0,1
1649,2,1,63246.0,60,0,0,54,2,772,22,0,0
1650,2,1,36732.0,71,0,0,62,2,47,9,0,1
1651,2,1,69084.0,43,0,0,51,1,1586,25,0,0
1652,2,1,77766.0,97,0,1,54,1,1529,34,2,3
1653,2,0,37929.0,49,0,1,36,0,265,13,3,2
1654,3,1,86610.0,66,0,0,70,0,1603,18,0,3
1655,1,1,80141.0,20,0,1,35,0,2091,22,2,2
1656,1,1,72635.0,54,0,0,66,0,981,21,1,3
1657,3,1,69016.0,61,0,0,51,1,1533,34,0,3
1658,1,1,20193.0,18,0,0,30,0,82,7,0,1
1659,3,1,27573.0,45,0,0,46,1,244,14,0,1
1660,0,0,15862.0,26,0,0,42,1,36,5,0,1
1661,2,1,49544.0,0,0,0,45,1,404,16,0,1
1662,3,1,33228.0,28,0,0,41,1,71,6,0,1
1663,3,1,70440.0,49,0,0,43,0,1572,23,1,3
1664,3,1,38232.0,84,0,0,50,2,122,11,0,1
1665,2,1,22554.0,38,0,0,66,2,41,10,0,1
1666,2,1,23536.0,53,0,0,38,1,10,4,0,1
1667,3,1,49413.0,88,0,0,69,1,304,13,0,0
1668,3,1,42231.0,99,0,0,52,2,37,5,0,1
1669,1,0,78789.0,12,0,1,41,0,1754,16,1,3
1670,3,1,56534.0,35,0,1,53,1,815,25,3,2
1671,3,0,58350.0,5,0,0,50,1,1001,27,0,0
1672,3,0,81217.0,77,0,0,32,0,1157,22,0,3
1673,3,0,49090.0,45,0,0,70,1,688,21,0,0
1674,1,0,61787.0,71,0,0,34,0,1319,19,0,3
1675,2,1,18169.0,40,0,0,36,1,21,4,0,1
1676,1,0,24336.0,82,0,0,40,1,31,4,0,1
1677,3,1,18222.0,70,0,0,31,0,67,6,0,1
1678,3,0,62335.0,87,0,0,69,1,708,21,0,3
1679,1,1,42033.0,95,0,0,50,2,25,4,0,1
1680,2,1,86580.0,72,0,0,38,0,746,11,1,3
1681,2,0,41437.0,5,0,0,64,2,32,5,0,1
1682,1,0,73705.0,86,0,0,70,2,1695,25,0,3
1683,3,1,61064.0,80,0,0,45,1,1080,28,0,0
1684,1,1,38452.0,62,0,0,66,2,72,9,0,1
1685,3,0,18358.0,49,0,0,32,1,57,10,0,1
1686,2,1,55012.0,85,0,0,48,1,660,25,0,0
1687,0,1,9722.0,7,0,1,48,1,103,11,1,1
1688,2,1,38175.0,6,0,0,37,1,153,11,0,1
1689,1,1,58656.0,25,0,0,65,1,1220,32,1,0
1690,3,1,52117.0,55,0,0,56,1,279,13,0,1
1691,3,1,64813.0,81,0,0,43,1,745,20,0,3
1692,2,1,54222.0,98,0,0,48,1,264,12,0,1
1693,3,1,83512.0,31,0,1,35,0,2157,22,5,2
1694,1,1,77520.0,30,0,1,62,1,1526,23,4,2
1695,3,1,41154.0,98,0,0,43,1,69,6,0,1
1696,3,1,80398.0,92,0,0,55,0,1597,26,1,3
1697,0,0,18746.0,41,0,0,29,1,64,8,0,1
1698,3,1,35196.0,68,0,0,37,1,497,18,0,0
1699,3,0,60230.0,78,0,0,65,1,1067,17,0,0
1700,3,1,22108.0,46,0,0,44,2,31,7,0,1
1701,3,1,44392.0,71,0,0,47,2,211,14,0,1
1702,2,1,55424.0,6,0,1,45,1,877,25,2,0
1703,3,1,17688.0,82,1,0,42,1,11,4,0,1
1704,2,1,92491.0,71,0,1,38,0,2034,25,4,2
1705,3,0,90273.0,32,0,1,30,0,1991,19,4,2
1706,2,0,82571.0,28,0,0,59,0,1686,24,1,3
1707,2,0,38513.0,20,0,1,39,1,324,17,1,1
1708,1,0,16653.0,10,0,1,42,1,69,9,1,1
1709,3,1,42586.0,7,0,1,66,2,252,16,1,1
1710,0,0,23529.0,67,0,0,56,1,54,5,0,1
1711,1,1,74881.0,48,0,0,60,2,964,27,0,0
1712,3,1,71107.0,61,0,0,70,1,1327,28,0,3
1713,2,1,46910.0,36,0,0,57,2,68,7,0,1
1714,3,1,18690.0,77,0,0,62,0,60,5,0,1
1715,3,0,37244.0,90,0,0,66,2,55,5,1,1
1716,3,1,82427.0,35,0,0,55,0,1456,21,1,3
1717,1,0,75342.0,38,0,0,63,1,563,18,0,0
1718,3,0,70044.0,46,0,0,67,1,1504,26,0,0
1719,3,0,79146.0,33,0,0,54,2,564,19,0,0
1720,3,1,77437.0,70,0,0,58,0,1125,23,1,3
1721,3,1,54984.0,51,0,0,62,1,358,17,1,0
1722,2,1,42403.0,18,0,0,50,1,42,5,0,1
1723,3,1,55761.0,97,0,0,57,1,184,10,1,1
1724,3,1,37292.0,32,0,0,38,1,460,19,0,0
1725,2,0,45576.0,9,0,1,76,0,145,8,1,1
1726,3,1,70321.0,6,0,1,74,0,1376,25,1,3
1727,2,0,58086.0,80,0,0,52,1,792,23,0,0
1728,3,1,81795.0,74,0,0,69,0,1382,23,0,3
1729,0,1,28389.0,49,0,0,74,0,28,4,0,1
1730,1,1,66835.0,21,0,0,75,0,1033,24,0,3
1731,3,0,69901.0,95,0,0,52,1,882,23,0,0
1732,2,1,80360.0,56,0,0,72,0,2231,15,3,2
1733,2,1,63342.0,48,0,1,60,1,1101,19,2,0
1734,3,1,44989.0,26,0,0,47,1,369,16,0,0
1735,1,0,31859.0,3,0,0,41,1,48,5,0,1
1736,2,0,51569.0,39,0,1,72,1,467,19,2,0
1737,3,0,30372.0,33,0,0,50,2,44,8,0,1
1738,0,0,16014.0,42,0,0,42,2,38,10,0,1
1739,3,1,41120.0,80,0,0,53,2,81,9,0,1
1740,1,0,39763.0,9,0,1,50,1,167,10,1,1
1741,2,1,38725.0,52,0,0,66,2,45,7,0,1
1742,3,1,77981.0,78,0,0,49,1,664,21,0,3
1743,1,1,62905.0,68,0,0,57,1,622,20,0,0
1744,1,0,13533.0,45,0,0,42,1,48,7,0,1
1745,3,1,59481.0,47,0,0,46,1,461,16,0,0
1746,3,1,72117.0,34,0,0,44,1,1073,26,0,0
1747,1,1,21955.0,81,0,0,35,1,55,8,0,1
1748,3,1,67131.0,72,0,0,65,1,976,26,0,0
1749,2,0,36802.0,23,0,0,41,1,20,5,0,1
1750,3,1,71853.0,29,0,0,39,0,1149,17,0,3
1751,0,1,28249.0,80,0,0,60,0,43,6,0,1
1752,1,1,47808.0,30,0,0,46,1,224,10,1,1
1753,2,0,25509.0,15,0,1,47,1,101,9,1,1
1754,2,1,51012.0,86,0,0,75,0,209,10,0,1
1755,3,0,70596.0,68,0,0,36,0,968,21,0,3
1756,2,1,85431.0,54,0,0,69,0,1165,17,0,3
1757,3,1,42664.0,44,0,0,54,1,24,5,0,1
1758,3,1,42586.0,7,0,1,66,2,252,16,1,1
1759,3,0,29760.0,87,0,0,36,1,165,12,0,1
1760,2,1,28973.0,59,0,0,44,0,269,13,0,1
1761,2,1,39435.0,16,0,0,48,1,102,7,0,1
1762,1,1,65370.0,1,0,0,37,0,461,19,0,3
1763,0,0,20194.0,64,0,0,42,1,47,7,0,1
1764,2,0,42473.0,72,0,0,45,2,144,10,0,1
1765,3,1,64590.0,98,0,0,53,0,1338,24,0,3
1766,3,1,71232.0,91,0,0,62,1,917,25,0,0
1767,3,1,34600.0,8,0,1,50,2,318,17,1,1
1768,3,0,46904.0,20,0,0,54,2,253,14,0,1
1769,3,1,49094.0,6,0,0,48,1,502,20,0,0
1770,3,1,36075.0,54,0,0,38,1,119,7,0,1
1771,1,1,60839.0,72,0,0,42,2,1250,29,0,0
1772,3,1,77298.0,46,0,0,42,1,969,24,0,3
1773,3,1,34026.0,11,0,0,71,2,76,9,0,1
1774,2,0,48918.0,21,0,0,58,2,62,7,0,1
1775,1,1,82122.0,89,0,0,59,0,1382,26,1,3
1776,3,0,37697.0,82,0,0,45,1,84,7,0,1
1777,3,1,34074.0,69,0,0,69,2,255,14,1,1
1778,1,1,28520.0,55,0,0,61,2,43,5,0,1
1779,3,0,62535.0,13,0,0,66,1,398,14,0,0
1780,1,0,36273.0,80,0,0,44,1,76,8,0,1
1781,3,1,63404.0,97,0,0,57,2,902,15,1,0
1782,1,1,75774.0,27,0,0,40,1,823,21,0,3
1783,3,1,78416.0,99,0,0,45,1,1179,26,0,3
1784,3,1,75702.0,87,0,0,47,1,1921,29,1,3
1785,1,1,59385.0,85,0,0,70,2,185,10,0,1
1786,3,0,37070.0,30,0,1,55,2,433,23,1,0
1787,3,1,44689.0,82,0,0,70,2,34,6,1,1
1788,3,1,53977.0,21,0,0,63,1,907,27,0,0
1789,2,0,7144.0,92,0,0,55,2,416,25,0,0
1790,3,0,18701.0,95,0,0,57,2,44,10,0,1
1791,3,1,90369.0,2,0,1,65,0,1588,17,1,3
1792,2,0,63159.0,74,0,0,47,0,1797,17,1,3
1793,3,1,37758.0,49,0,0,55,2,40,6,0,1
1794,2,0,46757.0,71,0,0,58,1,1143,21,0,0
1795,1,1,79734.0,72,0,0,52,0,914,14,1,3
1796,3,1,63207.0,68,0,0,29,0,1502,12,1,3
1797,3,0,72071.0,4,0,0,67,1,1338,20,0,3
1798,2,1,21840.0,80,0,0,38,1,27,5,0,1
1799,1,1,58582.0,15,0,0,39,1,763,22,1,0
1800,3,0,72282.0,70,0,1,70,0,1331,22,1,3
1801,3,1,50387.0,91,0,0,65,2,525,19,0,0
1802,2,1,32583.0,10,0,0,60,2,9,4,0,1
1803,3,1,62568.0,99,0,0,59,1,953,16,1,0
1804,1,0,44635.0,25,0,0,50,2,68,7,0,1
1805,1,0,33316.0,34,0,0,50,2,131,10,0,1
1806,3,1,63967.0,57,0,0,53,1,882,23,0,3
1807,1,1,52513.0,84,0,0,43,0,1149,25,0,3
1808,3,1,25293.0,51,0,0,52,1,37,5,0,1
1809,2,0,54111.0,97,0,0,56,1,388,15,0,0
1810,3,1,78394.0,13,0,1,35,0,1428,16,1,3
1811,1,1,80739.0,92,0,0,63,0,1633,24,0,3
1812,1,1,22669.0,30,0,1,46,1,173,10,1,1
1813,3,0,29236.0,30,0,0,34,1,99,9,0,1
1814,3,1,44911.0,11,0,0,62,1,215,12,0,1
1815,2,1,54693.0,72,0,0,59,1,929,31,0,0
1816,3,1,48186.0,39,0,0,47,1,219,12,0,1
1817,3,1,54809.0,0,0,1,44,2,174,12,1,1
1818,3,1,41580.0,15,0,0,43,2,92,9,0,1
1819,2,1,80336.0,12,0,0,51,0,1052,25,0,3
1820,3,1,47743.0,56,0,0,64,1,275,14,1,0
1821,1,1,62972.0,39,0,0,66,1,587,16,0,0
1822,2,0,57333.0,55,0,1,67,1,1662,33,1,0
1823,2,1,32313.0,60,0,0,39,1,159,11,0,1
1824,1,0,84953.0,73,0,1,68,0,1024,18,4,2
1825,1,0,27071.0,90,0,0,53,1,35,7,0,1
1826,1,1,68148.0,86,0,0,64,0,1042,15,0,3
1827,1,1,65735.0,37,0,0,56,2,395,19,0,0
1828,2,1,86836.0,7,0,1,46,0,557,23,4,2
1829,2,1,4023.0,29,0,0,58,2,9,15,0,1
1830,3,1,30093.0,19,0,0,31,0,69,6,0,1
1831,2,1,57705.0,14,0,0,55,1,486,18,0,0
1832,3,0,25008.0,72,0,0,33,1,34,6,0,1
1833,1,0,83257.0,56,1,1,26,0,1365,28,3,2
1834,3,1,22280.0,85,0,0,46,1,13,4,0,1
1835,2,1,72159.0,62,0,0,43,0,1401,21,0,3
1836,3,1,64260.0,1,0,1,60,0,1574,14,1,3
1837,2,0,82733.0,28,0,1,37,0,1323,20,1,3
1838,1,0,74290.0,70,0,0,50,1,1217,32,2,2
1839,1,0,58217.0,84,0,0,70,3,103,7,0,1
1840,1,1,21024.0,89,0,0,45,0,84,7,0,1
1841,2,1,70116.0,73,0,0,49,0,1536,23,0,3
1842,3,1,54006.0,42,0,0,36,1,581,18,0,0
1843,2,1,69063.0,16,0,0,55,1,928,14,0,0
1844,1,0,11448.0,16,0,0,46,0,14,4,0,1
1845,3,0,61825.0,56,0,0,42,1,424,15,0,0
1846,3,1,70886.0,65,0,0,50,1,960,14,0,3
1847,3,1,69109.0,10,0,1,39,0,1555,20,2,2
1848,3,0,60208.0,13,0,1,48,2,656,29,2,0
1849,1,1,32889.0,78,0,0,53,2,55,9,0,1
1850,3,0,34738.0,51,0,0,37,1,20,5,0,1
1851,1,1,30538.0,27,0,0,50,1,367,17,0,1
1852,1,1,82326.0,30,0,1,44,0,2257,22,4,2
1853,2,0,26642.0,71,0,0,54,1,42,7,0,1
1854,3,0,69932.0,97,0,0,57,1,1049,26,0,3
1855,3,0,44503.0,83,0,0,49,2,48,7,0,1
1856,2,0,60200.0,3,0,0,73,1,685,25,0,0
1857,3,0,49638.0,71,0,0,69,1,39,5,0,1
1858,1,0,23830.0,3,0,0,34,0,43,5,0,1
1859,1,0,33051.0,15,0,1,62,0,835,21,1,3
1860,3,1,72905.0,52,0,0,63,0,1515,20,1,3
1861,2,1,69702.0,8,0,0,70,1,1039,26,0,0
1862,3,0,70300.0,89,0,0,46,1,1596,26,0,3
1863,2,1,70643.0,66,0,1,37,0,1828,18,1,3
1864,2,1,30396.0,22,0,1,52,1,34,6,2,1
1865,2,0,50616.0,56,0,0,53,1,149,10,0,1
1866,1,0,62772.0,74,0,0,52,1,946,23,1,0
1867,2,0,30298.0,48,0,0,36,0,28,6,0,1
1868,3,0,52413.0,67,0,0,37,1,450,17,0,1
1869,2,1,44155.0,24,0,0,64,2,46,5,0,1
1870,2,0,86979.0,67,0,1,50,0,1702,16,2,3
1871,3,1,76532.0,38,0,0,46,2,820,25,0,0
1872,3,1,42081.0,86,0,0,39,1,382,15,1,1
1873,2,1,67546.0,90,0,0,33,0,2126,20,0,3
1874,1,1,88420.0,87,0,0,32,0,2069,20,3,2
1875,3,1,31158.0,62,0,0,36,1,72,7,0,1
1876,3,0,61671.0,23,0,0,53,1,732,28,2,0
1877,3,0,69719.0,99,0,0,47,0,801,11,0,3
1878,3,0,49160.0,29,0,0,72,1,236,12,0,1
1879,0,1,24882.0,52,0,0,43,1,80,5,1,1
1880,2,0,90933.0,90,0,0,67,0,1685,15,1,3
1881,2,0,113734.0,9,0,0,76,0,277,27,0,3
1882,2,1,59292.0,71,0,0,71,1,507,18,0,0
1883,2,1,45759.0,13,0,0,57,2,68,7,0,1
1884,3,0,22148.0,16,0,0,38,0,49,5,0,1
1885,1,1,73395.0,94,0,0,34,0,397,15,0,1
1886,3,0,29819.0,77,0,0,50,1,39,9,0,1
1887,3,1,45688.0,20,0,0,53,1,306,14,1,0
1888,3,1,62820.0,51,0,0,67,0,976,14,0,3
1889,2,1,60491.0,81,0,0,50,1,1028,28,0,0
1890,3,1,33235.0,71,0,0,35,1,70,7,0,1
1891,3,1,35701.0,36,0,0,62,0,46,5,0,1
1892,1,1,31535.0,95,0,0,41,1,51,5,1,1
1893,1,1,92556.0,32,0,0,61,0,1263,21,0,3
1894,3,0,67384.0,32,0,0,51,1,1490,22,1,3
1895,1,1,80573.0,85,0,0,50,0,1564,24,0,3
1896,3,1,77870.0,93,0,1,54,1,1815,18,3,2
1897,2,0,52278.0,24,0,0,58,1,1198,31,0,0
1898,3,0,57107.0,44,0,1,53,1,416,23,3,2
1899,3,1,18929.0,15,0,0,31,0,85,6,0,1
1900,2,0,36038.0,82,0,0,40,1,47,8,0,1
1901,3,0,20180.0,27,0,0,45,0,137,8,0,1
1902,2,1,34230.0,72,0,0,56,2,21,4,0,1
1903,1,0,31878.0,7,0,0,44,1,70,6,0,1
1904,1,1,70932.0,57,0,0,49,1,909,22,0,3
1905,3,0,91249.0,84,0,1,65,0,1676,22,5,2
1906,1,0,77598.0,53,0,0,78,0,1735,26,1,3
1907,3,0,80982.0,48,1,0,62,2,1191,30,0,0
1908,1,1,22701.0,2,0,0,44,1,24,5,0,1
1909,2,1,55212.0,65,0,0,52,1,1182,20,2,2
1910,3,1,70617.0,45,0,0,51,0,1280,14,0,3
1911,3,0,64849.0,42,0,1,64,0,1336,19,1,3
1912,1,1,62694.0,29,0,0,56,2,749,24,0,0
1913,2,1,61917.0,83,0,0,47,2,91,7,0,1
1914,2,1,67472.0,93,0,0,74,1,414,15,0,0
1915,1,1,21059.0,40,0,0,39,1,44,9,0,1
1916,1,1,29543.0,47,0,0,53,2,63,8,0,1
1917,3,1,75903.0,50,0,0,70,1,901,23,0,3
1918,1,1,34984.0,40,0,0,46,2,38,6,0,1
1919,2,0,54998.0,3,0,1,65,1,455,20,1,0
1920,2,0,54356.0,62,0,1,72,1,775,24,1,0
1921,1,1,34242.0,25,0,0,62,1,15,4,0,1
1922,3,1,25410.0,48,0,0,48,1,38,6,0,1
1923,2,1,73356.0,56,0,1,37,0,1512,22,4,2
1924,3,1,28320.0,68,0,0,71,1,43,5,0,1
1925,3,0,23763.0,64,0,0,44,1,42,5,0,1
1926,3,1,72570.0,67,0,0,37,0,1089,23,0,3
1927,1,1,34529.0,94,0,0,45,1,162,9,0,1
1928,3,0,70792.0,82,0,0,70,0,1272,19,0,3
1929,3,1,63211.0,3,0,1,39,0,1173,20,1,3
1930,1,1,83891.0,24,0,0,47,1,816,22,0,3
1931,3,0,36065.0,54,0,0,53,2,74,9,0,1
1932,3,1,39898.0,20,0,0,67,1,134,9,0,1
1933,2,0,51141.0,96,0,0,81,0,157,9,0,1
1934,3,1,56939.0,19,0,0,45,1,561,18,0,0
1935,3,0,80872.0,60,0,0,70,0,1336,19,0,3
1936,2,1,72335.0,2,0,1,45,0,2092,23,1,3
1937,2,0,61798.0,13,0,0,57,0,463,16,0,0
1938,2,0,76842.0,37,0,0,71,0,1130,17,0,3
1939,3,1,29478.0,59,0,0,45,1,20,5,0,1
1940,3,0,46998.0,55,0,0,65,1,377,18,1,0
1941,3,0,96843.0,60,0,1,31,0,1544,28,2,2
1942,2,0,56551.0,48,0,0,71,2,138,10,0,1
1943,1,1,70053.0,38,0,0,56,1,1012,26,0,3
1944,2,0,71670.0,8,0,1,59,0,1766,15,4,2
1945,3,1,44359.0,19,0,0,43,2,45,9,0,1
1946,3,0,40887.0,32,0,1,69,2,161,10,1,1
1947,3,0,48877.0,27,0,0,55,1,144,8,0,1
1948,3,1,74485.0,58,0,0,74,0,1734,26,0,3
1949,3,1,64474.0,59,0,0,49,1,823,22,0,0
1950,3,1,77226.0,29,0,0,58,1,1138,28,0,3
1951,3,0,72643.0,60,0,1,72,0,1429,21,2,2
1952,1,1,85738.0,41,0,0,43,0,1371,21,2,2
1953,3,0,55686.0,27,0,0,55,1,982,16,1,0
1954,3,0,39062.0,28,0,0,38,1,44,5,1,1
1955,3,1,34600.0,8,0,1,50,2,318,17,1,1
1956,3,1,40794.0,18,0,0,46,1,434,16,0,0
1957,1,1,54690.0,76,0,0,50,2,198,12,0,1
1958,3,1,4428.0,0,0,0,52,1,359,25,0,0
1959,1,1,32632.0,32,0,0,58,0,576,18,0,3
1960,2,0,38236.0,2,0,0,53,2,88,11,0,1
1961,3,1,36781.0,16,0,1,42,1,63,6,1,1
1962,1,0,31385.0,56,0,1,37,1,27,4,2,1
1963,3,1,24570.0,97,0,0,37,1,193,11,0,1
1964,2,0,25509.0,15,0,1,47,1,101,9,1,1
1965,3,1,94642.0,35,0,0,70,0,2211,21,2,2
1966,1,1,58646.0,3,0,0,59,1,140,8,0,1
1967,3,0,53201.0,49,0,0,46,2,415,22,0,0
1968,3,1,21994.0,4,0,0,64,1,22,4,0,1
1969,3,1,57113.0,45,0,0,43,2,263,16,0,1
1970,3,1,51373.0,37,0,0,30,0,393,12,0,1
1971,3,1,23477.0,39,0,0,35,1,147,10,0,1
1972,3,1,58116.0,38,0,0,65,1,443,16,0,0
1973,2,0,72968.0,8,0,1,58,0,1958,19,2,2
1974,1,1,39791.0,89,0,0,50,1,174,10,0,1
1975,1,0,91712.0,47,0,1,74,0,2217,27,2,2
1976,3,0,94472.0,75,0,0,63,1,1691,16,2,2
1977,3,1,13672.0,86,0,0,61,2,25,6,0,1
1978,1,1,96547.0,4,0,1,41,0,809,21,4,2
1979,3,1,79205.0,73,0,1,46,0,895,16,2,2
1980,2,1,56559.0,46,0,0,46,1,484,18,0,0
1981,2,1,32644.0,38,0,0,48,1,413,18,1,1
1982,1,0,67506.0,73,0,0,41,1,331,12,0,1
1983,3,0,24206.0,66,0,0,51,1,25,5,0,1
1984,2,0,28420.0,36,0,0,54,1,13,4,0,1
1985,3,1,22979.0,29,0,1,51,1,115,10,1,1
1986,3,0,33279.0,29,0,0,55,0,16,4,0,1
1987,1,0,46423.0,6,0,0,49,2,92,9,0,1
1988,3,1,30368.0,97,0,0,44,1,52,7,0,1
1989,3,1,63684.0,61,0,0,51,1,1464,23,0,3
1990,3,0,41638.0,68,0,0,57,1,441,17,1,0
1991,2,0,68805.0,73,0,0,62,1,283,12,0,1
1992,2,1,65814.0,90,0,0,55,1,747,23,0,0
1993,3,0,71964.0,81,0,0,63,0,1870,17,0,3
1994,3,0,39146.0,1,0,0,35,1,165,11,0,1
1995,3,1,96876.0,79,0,1,44,0,1941,24,4,2
1996,0,1,34445.0,92,0,0,40,0,839,27,0,3
1997,3,0,68281.0,31,0,1,63,0,1655,25,1,3
1998,1,1,37284.0,46,0,0,46,2,23,4,0,1
1999,3,1,36790.0,14,0,1,38,0,66,6,1,1
2000,3,1,27943.0,89,0,0,54,2,37,8,0,1
2001,3,0,22263.0,31,1,0,70,2,21,6,0,1
2002,3,1,30261.0,75,0,0,49,3,22,4,0,1
2003,3,1,28587.0,42,0,0,43,1,78,9,0,1
2004,1,1,43815.0,53,0,0,39,1,79,6,0,1
2005,3,1,48195.0,53,0,0,65,2,265,17,0,0
2006,1,1,77027.0,23,0,0,69,1,1175,19,0,0
2007,2,1,71322.0,57,0,0,56,1,1305,28,0,0
2008,1,1,32765.0,49,0,0,42,1,46,8,0,1
2009,3,1,29672.0,6,0,0,56,2,25,4,0,1
2010,3,0,23272.0,29,0,0,68,0,46,5,0,1
2011,1,1,49912.0,5,0,1,72,1,874,26,2,0
2012,1,1,7500.0,98,0,0,36,1,100,10,0,1
2013,2,0,68117.0,80,0,1,74,1,930,25,2,0
2014,3,1,67225.0,4,0,0,66,1,868,23,0,0
2015,3,1,17649.0,70,0,0,45,1,45,9,0,1
2016,3,1,55914.0,32,0,0,46,1,1260,29,0,3
2017,3,1,40059.0,82,0,0,37,1,414,12,1,1
2018,3,1,60905.0,27,0,0,71,1,392,15,0,0
2019,3,1,75330.0,94,0,0,44,2,1109,29,0,0
2020,3,0,60689.0,23,0,0,70,1,639,22,0,0
2021,3,1,38680.0,97,0,0,37,1,79,6,0,1
2022,3,1,61416.0,25,0,0,39,0,1665,24,1,3
2023,3,0,49767.0,92,0,0,30,0,692,18,0,3
2024,3,0,83273.0,98,0,0,51,3,1392,29,0,0
2025,3,1,29009.0,19,0,0,40,1,44,7,0,1
2026,1,1,45057.0,80,0,0,42,1,50,6,0,1
2027,3,1,37150.0,80,0,0,50,1,467,21,0,0
2028,3,0,43020.0,79,0,0,51,1,223,12,0,1
2029,3,1,53154.0,50,0,0,62,1,158,9,0,1
2030,3,1,65308.0,60,0,0,48,0,1211,28,2,2
2031,3,0,76467.0,44,0,1,51,1,1575,14,1,3
2032,1,1,81044.0,0,0,0,74,0,1208,22,0,3
2033,3,1,32871.0,28,0,0,70,2,43,5,0,1
2034,3,0,55801.0,35,0,0,46,2,527,21,1,0
2035,3,0,76320.0,49,0,0,62,1,932,15,0,0
2036,1,0,36927.0,46,0,0,66,2,71,8,0,1
2037,3,1,48794.0,97,0,0,68,2,54,5,0,1
2038,3,0,23478.0,51,0,0,56,0,129,7,0,1
2039,3,0,71128.0,80,0,0,48,1,1615,27,0,3
2040,2,0,70179.0,10,0,0,45,1,1034,26,0,0
2041,3,1,59462.0,29,0,0,71,1,1088,25,0,0
2042,3,1,38361.0,74,0,0,52,1,137,10,0,1
2043,2,1,70038.0,54,0,0,39,0,1244,17,0,3
2044,3,1,42554.0,93,0,0,43,2,41,7,0,1
2045,3,1,67445.0,63,0,0,47,1,1174,32,0,0
2046,3,0,67046.0,92,0,0,70,1,993,15,0,3
2047,3,1,42192.0,40,0,0,73,0,100,7,0,1
2048,2,1,77610.0,70,0,0,69,1,1680,17,0,0
2049,3,1,31761.0,96,0,0,37,1,98,9,0,1
2050,3,1,34350.0,81,0,0,42,1,48,5,0,1
2051,3,1,54591.0,63,0,0,72,1,519,19,0,0
2052,3,1,71866.0,85,0,0,65,1,715,20,0,3
2053,3,1,25293.0,51,0,0,52,1,37,5,0,1
2054,2,0,42000.0,23,0,1,34,0,653,20,1,3
2055,3,1,69520.0,95,0,0,38,0,1455,21,0,3
2056,3,0,64713.0,11,0,1,51,1,602,19,1,0
2057,1,1,27889.0,42,0,0,44,1,26,5,0,1
2058,0,0,22123.0,77,0,0,61,0,102,7,0,1
2059,3,1,27803.0,40,0,0,48,1,176,9,0,1
2060,3,1,51651.0,32,0,0,61,1,433,17,0,0
2061,3,1,68487.0,48,0,0,33,0,1366,30,0,3
2062,3,1,56796.0,24,0,0,52,1,1001,27,0,0
2063,1,1,87000.0,61,0,0,29,0,961,18,0,3
2064,3,1,79823.0,6,0,0,62,1,1518,23,1,3
2065,3,0,30828.0,16,0,0,41,1,56,8,0,1
2066,1,1,34109.0,39,0,0,50,1,22,4,0,1
2067,1,0,53367.0,2,0,1,47,2,400,21,1,0
2068,0,1,22390.0,49,0,0,52,0,26,4,0,1
2069,3,1,71322.0,31,0,0,45,1,350,13,0,0
2070,3,0,79244.0,58,0,1,28,0,1216,22,3,2
2071,1,1,49912.0,5,0,1,72,1,874,26,2,0
2072,2,1,48699.0,90,0,0,71,2,40,5,0,1
2073,3,1,80144.0,47,0,0,46,0,1367,19,0,3
2074,3,0,54252.0,25,0,0,65,2,264,15,0,1
2075,1,1,81929.0,60,0,1,45,1,2053,20,3,2
2076,3,1,76068.0,67,0,0,46,1,1376,10,2,2
2077,1,1,53204.0,40,0,0,45,2,45,5,0,1
2078,2,1,67911.0,63,0,0,72,1,976,27,0,0
2079,1,1,14796.0,1,0,1,37,1,51,6,1,1
2080,2,1,78128.0,89,0,0,47,1,1264,20,2,2
2081,0,1,14188.0,40,0,0,49,0,75,7,0,1
2082,0,1,20425.0,5,0,0,35,1,57,7,0,1
2083,1,1,58646.0,3,0,0,59,1,140,8,0,1
2084,3,0,72967.0,1,0,1,51,1,497,19,2,0
2085,1,1,48150.0,24,0,0,72,1,266,13,0,0
2086,3,0,82332.0,89,0,1,60,0,2006,21,2,2
2087,3,0,58275.0,48,0,0,66,2,615,23,0,0
2088,2,1,44953.0,31,0,0,40,0,1021,24,1,0
2089,3,1,34587.0,68,0,0,68,2,22,6,0,1
2090,1,1,43018.0,46,0,0,47,1,133,7,0,1
2091,1,1,45736.0,92,0,0,67,1,437,19,0,0
2092,1,1,66476.0,80,0,0,52,1,1013,26,0,0
2093,1,1,27733.0,16,0,0,40,1,57,7,0,1
2094,2,1,69805.0,50,0,0,69,1,1038,27,0,0
2095,1,0,72217.0,93,0,0,59,0,1573,22,0,3
2096,3,0,25818.0,51,0,0,50,1,28,4,0,1
2097,1,1,37509.0,24,0,0,45,1,123,9,0,1
2098,1,1,25176.0,79,0,0,45,2,13,4,0,1
2099,3,1,43586.0,26,0,0,41,1,132,10,0,1
2100,1,1,53230.0,86,0,0,65,1,732,23,0,0
2101,3,1,50116.0,68,0,0,64,2,66,7,1,1
2102,3,1,84906.0,98,0,0,49,0,1631,24,3,2
2103,3,1,61286.0,34,0,0,55,1,608,18,0,0
2104,2,1,82333.0,60,0,1,35,0,1822,18,2,2
2105,2,1,65220.0,3,0,1,56,0,1282,23,1,0
2106,3,1,33590.0,65,0,0,47,3,8,4,0,1
2107,3,0,30992.0,83,0,0,45,1,43,5,0,1
2108,1,0,72309.0,64,0,1,45,0,1931,20,2,2
2109,2,1,156924.0,85,0,0,72,0,8,0,0,1
2110,0,1,16005.0,69,0,0,41,1,103,8,0,1
2111,1,0,65487.0,48,0,0,64,0,1169,17,0,3
2112,3,1,58692.0,21,0,0,56,1,395,15,0,0
2113,3,0,40590.0,30,0,0,52,2,258,15,1,1
2114,3,0,20587.0,39,0,0,51,1,25,5,0,1
2115,1,0,62637.0,76,0,0,67,1,185,10,0,1
2116,1,0,29435.0,11,0,1,55,2,180,11,1,1
2117,3,0,19346.0,26,0,0,47,1,22,5,0,1
2118,3,1,35788.0,34,0,0,50,2,44,7,0,1
2119,3,0,36997.0,72,0,0,53,2,94,12,0,1
2120,3,1,23539.0,13,0,0,64,0,81,7,0,1
2121,3,0,65333.0,58,0,0,48,1,798,28,2,0
2122,3,0,78499.0,12,0,1,64,0,1334,19,2,2
2123,2,1,29732.0,23,0,0,50,1,38,5,0,1
2124,1,1,41275.0,33,0,0,61,3,61,11,0,1
2125,2,1,63516.0,30,0,0,48,2,300,16,0,1
2126,2,1,42769.0,15,0,0,59,1,88,8,0,1
2127,1,1,49572.0,25,0,0,63,2,54,7,0,1
2128,3,1,69209.0,4,0,0,49,0,1782,16,1,3
2129,3,1,17148.0,80,0,0,45,1,68,11,0,1
2130,3,0,40590.0,30,0,0,52,2,258,15,1,1
2131,1,1,30560.0,6,0,0,45,1,31,5,0,1
2132,1,1,32146.0,16,0,0,38,1,66,8,0,1
2133,1,0,41713.0,57,0,0,57,2,174,13,0,1
2134,1,1,34176.0,9,0,0,46,1,28,5,0,1
2135,2,1,58482.0,59,0,0,66,1,731,22,1,0
2136,3,0,59686.0,78,0,0,56,1,274,12,0,1
2137,2,1,60896.0,90,0,1,57,1,1701,26,1,0
2138,3,1,62994.0,74,0,0,41,1,312,13,0,1
2139,3,1,47320.0,10,0,0,64,1,414,20,0,0
2140,1,0,74859.0,63,0,0,72,0,1565,23,1,3
2141,0,0,15253.0,13,0,0,29,1,29,6,0,1
2142,2,0,31560.0,98,0,0,47,1,94,8,0,1
2143,3,0,72071.0,4,0,0,67,1,1338,20,0,3
2144,1,0,91172.0,94,0,1,31,0,1092,14,5,2
2145,3,1,90000.0,91,0,0,37,0,1479,18,3,2
2146,3,0,41967.0,66,0,0,40,2,54,5,0,1
2147,3,0,69263.0,14,0,0,56,1,568,18,1,0
2148,1,0,65706.0,77,0,1,51,0,1199,27,4,2
2149,3,1,60934.0,41,0,0,46,1,873,23,0,3
2150,3,1,71965.0,21,0,0,70,1,1213,17,0,0
2151,3,1,65210.0,25,0,0,66,1,731,22,2,0
2152,2,1,79174.0,2,0,1,46,0,2043,19,3,2
2153,1,0,81380.0,51,0,0,54,0,1893,17,0,3
2154,2,0,48432.0,3,0,0,48,1,424,19,0,0
2155,3,1,52914.0,32,0,0,50,1,575,15,1,0
2156,3,1,38946.0,84,0,0,66,1,257,12,0,1
2157,3,1,26067.0,49,0,0,47,1,56,9,0,1
2158,2,1,44325.0,69,0,0,49,1,542,21,1,0
2159,3,1,42523.0,96,0,0,57,0,125,7,0,1
2160,0,0,26487.0,23,0,0,43,1,69,9,0,1
2161,1,1,53233.0,18,0,0,64,1,40,5,0,1
2162,3,1,67716.0,8,0,0,61,1,1016,28,1,0
2163,1,1,76234.0,21,0,0,49,1,907,23,1,0
2164,2,1,84117.0,60,0,0,65,0,1566,24,1,3
2165,1,1,65487.0,48,0,0,64,0,1169,17,0,3
2166,0,1,25224.0,36,0,0,49,1,46,7,0,1
2167,1,0,89616.0,36,0,1,38,0,1644,25,1,3
2168,3,0,40851.0,63,0,0,50,2,59,5,0,1
2169,3,1,27469.0,2,0,0,74,0,17,4,0,1
2170,1,1,82347.0,38,0,1,64,0,1853,25,3,2
2171,3,1,73803.0,61,0,1,64,1,1528,22,2,0
2172,1,0,8820.0,52,0,0,69,2,35,10,0,1
2173,3,0,43322.0,25,0,0,47,0,141,8,0,1
2174,3,1,55593.0,63,0,0,48,1,546,17,1,0
2175,3,1,50501.0,10,0,1,67,2,500,20,2,0
2176,3,1,37085.0,65,0,0,46,2,61,10,0,1
2177,0,0,16185.0,71,0,0,31,1,106,8,0,1
2178,3,0,57731.0,0,0,0,52,1,704,26,0,0
2179,2,0,48432.0,3,0,1,48,1,424,19,1,0
2180,3,1,73807.0,88,0,0,43,1,849,23,0,3
2181,3,1,18929.0,15,0,0,31,0,85,6,0,1
2182,3,0,35893.0,80,0,0,53,2,199,15,0,1
2183,3,1,61014.0,17,0,0,41,1,1147,20,0,3
2184,3,1,32144.0,76,0,0,67,2,54,10,1,1
2185,0,1,14918.0,52,0,0,58,1,43,5,0,1
2186,3,0,45146.0,28,0,0,58,2,53,6,0,1
2187,1,0,41769.0,31,0,0,66,1,521,22,0,0
2188,3,1,88325.0,42,0,0,40,0,1623,18,0,3
2189,1,0,38054.0,24,0,0,71,2,45,7,0,1
2190,1,0,80617.0,42,0,0,26,0,1435,19,0,3
2191,3,1,5305.0,12,0,0,45,1,32,1,0,1
2192,3,1,36807.0,88,0,0,67,2,16,4,0,1
2193,3,1,28427.0,67,0,0,38,1,52,7,0,1
2194,2,0,82032.0,54,0,0,73,0,1234,17,0,3
2195,3,1,22775.0,40,0,0,43,1,15,4,0,1
2196,1,1,40101.0,73,0,0,36,1,415,17,0,1
2197,3,1,58025.0,81,0,0,42,1,470,18,0,0
2198,1,0,75777.0,12,0,1,39,0,1438,21,3,2
2199,1,1,7500.0,7,0,0,42,1,53,11,0,1
2200,1,1,33562.0,33,0,0,58,3,51,9,0,1
2201,2,0,57642.0,24,0,0,51,1,679,22,1,0
2202,3,1,58554.0,55,0,0,53,2,586,22,0,0
2203,3,1,63777.0,87,0,0,42,2,653,26,0,0
2204,3,0,57967.0,39,0,0,59,1,468,19,0,0
2205,3,1,24434.0,9,0,0,49,2,50,7,0,1
2206,3,0,11012.0,82,0,0,37,1,84,9,1,1
2207,1,0,44802.0,71,0,0,51,0,1049,27,0,0
2208,3,0,26816.0,50,0,0,35,0,22,4,0,1
2209,3,1,666666.0,23,0,0,44,1,62,11,0,3
2210,3,1,34421.0,81,0,0,47,1,30,4,0,1
2211,3,1,61223.0,46,0,0,54,1,1341,18,0,0
2212,2,1,64014.0,56,0,0,75,3,444,22,1,0
2213,3,0,56981.0,91,0,0,40,0,1241,19,1,3
2214,1,1,69245.0,8,0,0,65,1,843,23,0,0
2215,2,1,52869.0,40,0,1,67,2,172,11,1,1
